scenario,scenario_type,replication,n_observations,x1_x2_corr,x2_clip_rate,probability_clip_rate,event_rate
base,standard,1,200,-6.082208675455836e-18,0.0,0.0,0.01
base,standard,2,200,1.1327497351999013e-17,0.0,0.0,0.03
base,standard,3,200,1.7789275647491888e-17,0.0,0.0,0.04
base,standard,4,200,6.247818598351413e-19,0.0,0.0,0.065
base,standard,5,200,1.1648782386138838e-17,0.0,0.0,0.035
base,standard,6,200,-1.1342020171206112e-17,0.0,0.0,0.045
base,standard,7,200,-6.082208675455836e-18,0.0,0.0,0.03
base,standard,8,200,6.664458190363463e-18,0.0,0.0,0.03
base,standard,9,200,-7.804713481084448e-18,0.0,0.0,0.03
base,standard,10,200,1.2375378093857077e-17,0.0,0.0,0.02
base,standard,11,200,-6.082208675455832e-18,0.0,0.0,0.04
base,standard,12,200,1.1206711627488343e-18,0.0,0.0,0.03
base,standard,13,200,-5.59539152347932e-18,0.0,0.0,0.05
base,standard,14,200,7.191472702131566e-20,0.0,0.0,0.02
base,standard,15,200,7.191472702131564e-20,0.0,0.0,0.055
base,standard,16,200,-8.51217481910878e-18,0.0,0.0,0.07
base,standard,17,200,2.1059884578386152e-18,0.0,0.0,0.05
base,standard,18,200,3.798905224589913e-18,0.0,0.0,0.035
base,standard,19,200,1.2412670766236412e-19,0.0,0.0,0.045
base,standard,20,200,4.312481243036678e-18,0.0,0.0,0.025
base,standard,21,200,1.2030366556195556e-17,0.0,0.0,0.015
base,standard,22,200,5.491821991341209e-18,0.0,0.0,0.015
base,standard,23,200,1.1327497351999017e-17,0.0,0.0,0.015
base,standard,24,200,-7.013158982923564e-18,0.0,0.0,0.025
base,standard,25,200,2.5667832135800375e-18,0.0,0.0,0.02
base,standard,26,200,2.1059884578386152e-18,0.0,0.0,0.035
base,standard,27,200,1.3101973801575321e-17,0.0,0.0,0.035
base,standard,28,200,1.9075906686619696e-18,0.0,0.0,0.08
base,standard,29,200,-3.909991291364464e-18,0.0,0.0,0.035
base,standard,30,200,1.1206711627488349e-18,0.0,0.0,0.025
base,standard,31,200,1.4558386499745456e-17,0.0,0.0,0.015
base,standard,32,200,-8.512174819108774e-18,0.0,0.0,0.055
base,standard,33,200,1.2942941925872237e-17,0.0,0.0,0.04
base,standard,34,200,-7.80471348108445e-18,0.0,0.0,0.035
base,standard,35,200,-7.804713481084451e-18,0.0,0.0,0.05
base,standard,36,200,7.184738758092509e-18,0.0,0.0,0.02
base,standard,37,200,1.337184364765359e-17,0.0,0.0,0.015
base,standard,38,200,1.1583207525709552e-17,0.0,0.0,0.015
base,standard,39,200,1.7789275647491888e-17,0.0,0.0,0.03
base,standard,40,200,2.9644591979379672e-18,0.0,0.0,0.02
base,standard,41,200,-4.6726182659772545e-18,0.0,0.0,0.045
base,standard,42,200,3.715594229434638e-19,0.0,0.0,0.025
base,standard,43,200,1.6173831073618683e-17,0.0,0.0,0.05
base,standard,44,200,-6.3897908050357816e-18,0.0,0.0,0.045
base,standard,45,200,1.3104486383259559e-17,0.0,0.0,0.03
base,standard,46,200,1.068888946473753e-17,0.0,0.0,0.065
base,standard,47,200,-9.927097495157444e-18,0.0,0.0,0.025
base,standard,48,200,1.4266161708625608e-17,0.0,0.0,0.02
base,standard,49,200,-3.909991291364465e-18,0.0,0.0,0.045
base,standard,50,200,1.4558386499745456e-17,0.0,0.0,0.045
base,standard,51,200,1.1327497351999017e-17,0.0,0.0,0.04
base,standard,52,200,5.49182199134121e-18,0.0,0.0,0.025
base,standard,53,200,-4.213130771631659e-18,0.0,0.0,0.05
base,standard,54,200,1.9404720221365117e-17,0.0,0.0,0.04
base,standard,55,200,-8.068235998053659e-19,0.0,0.0,0.02
base,standard,56,200,1.617383107361867e-17,0.0,0.0,0.025
base,standard,57,200,3.798905224589913e-18,0.0,0.0,0.025
base,standard,58,200,1.0195590970702356e-17,0.0,0.0,0.025
base,standard,59,200,-5.461575137144015e-18,0.0,0.0,0.015
base,standard,60,200,1.7461548047884763e-17,0.0,0.0,0.05
base,standard,61,200,1.3828569509293559e-17,0.0,0.0,0.035
base,standard,62,200,9.468995262984116e-18,0.0,0.0,0.025
base,standard,63,200,3.798905224589914e-18,0.0,0.0,0.035
base,standard,64,200,8.015803847547632e-18,0.0,0.0,0.015
base,standard,65,200,-5.461575137144014e-18,0.0,0.0,0.08
base,standard,66,200,1.869782902554205e-18,0.0,0.0,0.045
base,standard,67,200,1.5160479769597607e-17,0.0,0.0,0.035
base,standard,68,200,1.2477525586681565e-17,0.0,0.0,0.035
base,standard,69,200,-1.700171087540078e-17,0.0,0.0,0.03
base,standard,70,200,-8.812996244027834e-18,0.0,0.0,0.035
base,standard,71,200,-2.9790409838967344e-18,0.0,0.0,0.04
base,standard,72,200,1.6173831073618667e-17,0.0,0.0,0.085
base,standard,73,200,1.3828569509293557e-17,0.0,0.0,0.075
base,standard,74,200,-2.1397396438601747e-18,0.0,0.0,0.08
base,standard,75,200,-4.672618265977248e-18,0.0,0.0,0.015
base,standard,76,200,5.6153416015810574e-18,0.0,0.0,0.055
base,standard,77,200,2.1059884578386152e-18,0.0,0.0,0.02
base,standard,78,200,-1.2049481509230449e-17,0.0,0.0,0.075
base,standard,79,200,-4.672618265977252e-18,0.0,0.0,0.07
base,standard,80,200,1.5981134278132273e-18,0.0,0.0,0.03
base,standard,81,200,-1.8757757964726487e-18,0.0,0.0,0.035
base,standard,82,200,2.105988457838614e-18,0.0,0.0,0.02
base,standard,83,200,1.4713320739111604e-17,0.0,0.0,0.045
base,standard,84,200,1.1648782386138838e-17,0.0,0.0,0.04
base,standard,85,200,3.798905224589913e-18,0.0,0.0,0.035
base,standard,86,200,-2.6248875362780195e-18,0.0,0.0,0.05
base,standard,87,200,-7.778607013508131e-18,0.0,0.0,0.03
base,standard,88,200,6.217299159877455e-18,0.0,0.0,0.03
base,standard,89,200,3.0683616862427975e-18,0.0,0.0,0.055
base,standard,90,200,1.3101973801575322e-17,0.0,0.0,0.035
base,standard,91,200,-1.4486092679363476e-18,0.0,0.0,0.05
base,standard,92,200,1.7461548047884772e-17,0.0,0.0,0.03
base,standard,93,200,2.6188946423595757e-18,0.0,0.0,0.055
base,standard,94,200,-6.634851608868767e-20,0.0,0.0,0.04
base,standard,95,200,1.1136048495223546e-17,0.0,0.0,0.06
base,standard,96,200,1.2942941925872237e-17,0.0,0.0,0.035
base,standard,97,200,1.2942941925872234e-17,0.0,0.0,0.04
base,standard,98,200,1.455838649974546e-17,0.0,0.0,0.025
base,standard,99,200,2.880080475863292e-18,0.0,0.0,0.005
base,standard,100,200,7.289208139829392e-18,0.0,0.0,0.065
beta0_-3,standard,1,200,-6.082208675455836e-18,0.0,0.0,0.07
beta0_-3,standard,2,200,1.1327497351999013e-17,0.0,0.0,0.09
beta0_-3,standard,3,200,1.7789275647491888e-17,0.0,0.0,0.095
beta0_-3,standard,4,200,6.247818598351413e-19,0.0,0.0,0.13
beta0_-3,standard,5,200,1.1648782386138838e-17,0.0,0.0,0.11
beta0_-3,standard,6,200,-1.1342020171206112e-17,0.0,0.0,0.11
beta0_-3,standard,7,200,-6.082208675455836e-18,0.0,0.0,0.065
beta0_-3,standard,8,200,6.664458190363463e-18,0.0,0.0,0.09
beta0_-3,standard,9,200,-7.804713481084448e-18,0.0,0.0,0.09
beta0_-3,standard,10,200,1.2375378093857077e-17,0.0,0.0,0.05
beta0_-3,standard,11,200,-6.082208675455832e-18,0.0,0.0,0.085
beta0_-3,standard,12,200,1.1206711627488343e-18,0.0,0.0,0.09
beta0_-3,standard,13,200,-5.59539152347932e-18,0.0,0.0,0.13
beta0_-3,standard,14,200,7.191472702131566e-20,0.0,0.0,0.085
beta0_-3,standard,15,200,7.191472702131564e-20,0.0,0.0,0.14
beta0_-3,standard,16,200,-8.51217481910878e-18,0.0,0.0,0.14
beta0_-3,standard,17,200,2.1059884578386152e-18,0.0,0.0,0.08
beta0_-3,standard,18,200,3.798905224589913e-18,0.0,0.0,0.1
beta0_-3,standard,19,200,1.2412670766236412e-19,0.0,0.0,0.11
beta0_-3,standard,20,200,4.312481243036678e-18,0.0,0.0,0.065
beta0_-3,standard,21,200,1.2030366556195556e-17,0.0,0.0,0.045
beta0_-3,standard,22,200,5.491821991341209e-18,0.0,0.0,0.05
beta0_-3,standard,23,200,1.1327497351999017e-17,0.0,0.0,0.065
beta0_-3,standard,24,200,-7.013158982923564e-18,0.0,0.0,0.065
beta0_-3,standard,25,200,2.5667832135800375e-18,0.0,0.0,0.065
beta0_-3,standard,26,200,2.1059884578386152e-18,0.0,0.0,0.085
beta0_-3,standard,27,200,1.3101973801575321e-17,0.0,0.0,0.11
beta0_-3,standard,28,200,1.9075906686619696e-18,0.0,0.0,0.145
beta0_-3,standard,29,200,-3.909991291364464e-18,0.0,0.0,0.085
beta0_-3,standard,30,200,1.1206711627488349e-18,0.0,0.0,0.08
beta0_-3,standard,31,200,1.4558386499745456e-17,0.0,0.0,0.065
beta0_-3,standard,32,200,-8.512174819108774e-18,0.0,0.0,0.12
beta0_-3,standard,33,200,1.2942941925872237e-17,0.0,0.0,0.09
beta0_-3,standard,34,200,-7.80471348108445e-18,0.0,0.0,0.1
beta0_-3,standard,35,200,-7.804713481084451e-18,0.0,0.0,0.15
beta0_-3,standard,36,200,7.184738758092509e-18,0.0,0.0,0.06
beta0_-3,standard,37,200,1.337184364765359e-17,0.0,0.0,0.065
beta0_-3,standard,38,200,1.1583207525709552e-17,0.0,0.0,0.065
beta0_-3,standard,39,200,1.7789275647491888e-17,0.0,0.0,0.095
beta0_-3,standard,40,200,2.9644591979379672e-18,0.0,0.0,0.085
beta0_-3,standard,41,200,-4.6726182659772545e-18,0.0,0.0,0.165
beta0_-3,standard,42,200,3.715594229434638e-19,0.0,0.0,0.07
beta0_-3,standard,43,200,1.6173831073618683e-17,0.0,0.0,0.11
beta0_-3,standard,44,200,-6.3897908050357816e-18,0.0,0.0,0.125
beta0_-3,standard,45,200,1.3104486383259559e-17,0.0,0.0,0.07
beta0_-3,standard,46,200,1.068888946473753e-17,0.0,0.0,0.11
beta0_-3,standard,47,200,-9.927097495157444e-18,0.0,0.0,0.1
beta0_-3,standard,48,200,1.4266161708625608e-17,0.0,0.0,0.05
beta0_-3,standard,49,200,-3.909991291364465e-18,0.0,0.0,0.105
beta0_-3,standard,50,200,1.4558386499745456e-17,0.0,0.0,0.115
beta0_-3,standard,51,200,1.1327497351999017e-17,0.0,0.0,0.11
beta0_-3,standard,52,200,5.49182199134121e-18,0.0,0.0,0.085
beta0_-3,standard,53,200,-4.213130771631659e-18,0.0,0.0,0.11
beta0_-3,standard,54,200,1.9404720221365117e-17,0.0,0.0,0.105
beta0_-3,standard,55,200,-8.068235998053659e-19,0.0,0.0,0.16
beta0_-3,standard,56,200,1.617383107361867e-17,0.0,0.0,0.115
beta0_-3,standard,57,200,3.798905224589913e-18,0.0,0.0,0.065
beta0_-3,standard,58,200,1.0195590970702356e-17,0.0,0.0,0.07
beta0_-3,standard,59,200,-5.461575137144015e-18,0.0,0.0,0.07
beta0_-3,standard,60,200,1.7461548047884763e-17,0.0,0.0,0.12
beta0_-3,standard,61,200,1.3828569509293559e-17,0.0,0.0,0.085
beta0_-3,standard,62,200,9.468995262984116e-18,0.0,0.0,0.095
beta0_-3,standard,63,200,3.798905224589914e-18,0.0,0.0,0.09
beta0_-3,standard,64,200,8.015803847547632e-18,0.0,0.0,0.1
beta0_-3,standard,65,200,-5.461575137144014e-18,0.0,0.0,0.175
beta0_-3,standard,66,200,1.869782902554205e-18,0.0,0.0,0.1
beta0_-3,standard,67,200,1.5160479769597607e-17,0.0,0.0,0.085
beta0_-3,standard,68,200,1.2477525586681565e-17,0.0,0.0,0.09
beta0_-3,standard,69,200,-1.700171087540078e-17,0.0,0.0,0.095
beta0_-3,standard,70,200,-8.812996244027834e-18,0.0,0.0,0.095
beta0_-3,standard,71,200,-2.9790409838967344e-18,0.0,0.0,0.095
beta0_-3,standard,72,200,1.6173831073618667e-17,0.0,0.0,0.17
beta0_-3,standard,73,200,1.3828569509293557e-17,0.0,0.0,0.125
beta0_-3,standard,74,200,-2.1397396438601747e-18,0.0,0.0,0.185
beta0_-3,standard,75,200,-4.672618265977248e-18,0.0,0.0,0.07
beta0_-3,standard,76,200,5.6153416015810574e-18,0.0,0.0,0.115
beta0_-3,standard,77,200,2.1059884578386152e-18,0.0,0.0,0.085
beta0_-3,standard,78,200,-1.2049481509230449e-17,0.0,0.0,0.195
beta0_-3,standard,79,200,-4.672618265977252e-18,0.0,0.0,0.15
beta0_-3,standard,80,200,1.5981134278132273e-18,0.0,0.0,0.08
beta0_-3,standard,81,200,-1.8757757964726487e-18,0.0,0.0,0.095
beta0_-3,standard,82,200,2.105988457838614e-18,0.0,0.0,0.065
beta0_-3,standard,83,200,1.4713320739111604e-17,0.0,0.0,0.14
beta0_-3,standard,84,200,1.1648782386138838e-17,0.0,0.0,0.085
beta0_-3,standard,85,200,3.798905224589913e-18,0.0,0.0,0.11
beta0_-3,standard,86,200,-2.6248875362780195e-18,0.0,0.0,0.165
beta0_-3,standard,87,200,-7.778607013508131e-18,0.0,0.0,0.085
beta0_-3,standard,88,200,6.217299159877455e-18,0.0,0.0,0.105
beta0_-3,standard,89,200,3.0683616862427975e-18,0.0,0.0,0.135
beta0_-3,standard,90,200,1.3101973801575322e-17,0.0,0.0,0.145
beta0_-3,standard,91,200,-1.4486092679363476e-18,0.0,0.0,0.19
beta0_-3,standard,92,200,1.7461548047884772e-17,0.0,0.0,0.085
beta0_-3,standard,93,200,2.6188946423595757e-18,0.0,0.0,0.125
beta0_-3,standard,94,200,-6.634851608868767e-20,0.0,0.0,0.165
beta0_-3,standard,95,200,1.1136048495223546e-17,0.0,0.0,0.145
beta0_-3,standard,96,200,1.2942941925872237e-17,0.0,0.0,0.095
beta0_-3,standard,97,200,1.2942941925872234e-17,0.0,0.0,0.135
beta0_-3,standard,98,200,1.455838649974546e-17,0.0,0.0,0.105
beta0_-3,standard,99,200,2.880080475863292e-18,0.0,0.0,0.04
beta0_-3,standard,100,200,7.289208139829392e-18,0.0,0.0,0.12
beta0_-2,standard,1,200,-6.082208675455836e-18,0.0,0.0,0.22
beta0_-2,standard,2,200,1.1327497351999013e-17,0.0,0.0,0.25
beta0_-2,standard,3,200,1.7789275647491888e-17,0.0,0.0,0.24
beta0_-2,standard,4,200,6.247818598351413e-19,0.0,0.0,0.36
beta0_-2,standard,5,200,1.1648782386138838e-17,0.0,0.0,0.33
beta0_-2,standard,6,200,-1.1342020171206112e-17,0.0,0.0,0.285
beta0_-2,standard,7,200,-6.082208675455836e-18,0.0,0.0,0.19
beta0_-2,standard,8,200,6.664458190363463e-18,0.0,0.0,0.225
beta0_-2,standard,9,200,-7.804713481084448e-18,0.0,0.0,0.31
beta0_-2,standard,10,200,1.2375378093857077e-17,0.0,0.0,0.245
beta0_-2,standard,11,200,-6.082208675455832e-18,0.0,0.0,0.235
beta0_-2,standard,12,200,1.1206711627488343e-18,0.0,0.0,0.285
beta0_-2,standard,13,200,-5.59539152347932e-18,0.0,0.0,0.32
beta0_-2,standard,14,200,7.191472702131566e-20,0.0,0.0,0.275
beta0_-2,standard,15,200,7.191472702131564e-20,0.0,0.0,0.31
beta0_-2,standard,16,200,-8.51217481910878e-18,0.0,0.0,0.275
beta0_-2,standard,17,200,2.1059884578386152e-18,0.0,0.0,0.225
beta0_-2,standard,18,200,3.798905224589913e-18,0.0,0.0,0.26
beta0_-2,standard,19,200,1.2412670766236412e-19,0.0,0.0,0.27
beta0_-2,standard,20,200,4.312481243036678e-18,0.0,0.0,0.22
beta0_-2,standard,21,200,1.2030366556195556e-17,0.0,0.0,0.17
beta0_-2,standard,22,200,5.491821991341209e-18,0.0,0.0,0.195
beta0_-2,standard,23,200,1.1327497351999017e-17,0.0,0.0,0.17
beta0_-2,standard,24,200,-7.013158982923564e-18,0.0,0.0,0.205
beta0_-2,standard,25,200,2.5667832135800375e-18,0.0,0.0,0.165
beta0_-2,standard,26,200,2.1059884578386152e-18,0.0,0.0,0.22
beta0_-2,standard,27,200,1.3101973801575321e-17,0.0,0.0,0.26
beta0_-2,standard,28,200,1.9075906686619696e-18,0.0,0.0,0.29
beta0_-2,standard,29,200,-3.909991291364464e-18,0.0,0.0,0.285
beta0_-2,standard,30,200,1.1206711627488349e-18,0.0,0.0,0.25
beta0_-2,standard,31,200,1.4558386499745456e-17,0.0,0.0,0.255
beta0_-2,standard,32,200,-8.512174819108774e-18,0.0,0.0,0.305
beta0_-2,standard,33,200,1.2942941925872237e-17,0.0,0.0,0.265
beta0_-2,standard,34,200,-7.80471348108445e-18,0.0,0.0,0.28
beta0_-2,standard,35,200,-7.804713481084451e-18,0.0,0.0,0.305
beta0_-2,standard,36,200,7.184738758092509e-18,0.0,0.0,0.265
beta0_-2,standard,37,200,1.337184364765359e-17,0.0,0.0,0.255
beta0_-2,standard,38,200,1.1583207525709552e-17,0.0,0.0,0.195
beta0_-2,standard,39,200,1.7789275647491888e-17,0.0,0.0,0.26
beta0_-2,standard,40,200,2.9644591979379672e-18,0.0,0.0,0.195
beta0_-2,standard,41,200,-4.6726182659772545e-18,0.0,0.0,0.38
beta0_-2,standard,42,200,3.715594229434638e-19,0.0,0.0,0.255
beta0_-2,standard,43,200,1.6173831073618683e-17,0.0,0.0,0.255
beta0_-2,standard,44,200,-6.3897908050357816e-18,0.0,0.0,0.315
beta0_-2,standard,45,200,1.3104486383259559e-17,0.0,0.0,0.25
beta0_-2,standard,46,200,1.068888946473753e-17,0.0,0.0,0.285
beta0_-2,standard,47,200,-9.927097495157444e-18,0.0,0.0,0.265
beta0_-2,standard,48,200,1.4266161708625608e-17,0.0,0.0,0.215
beta0_-2,standard,49,200,-3.909991291364465e-18,0.0,0.0,0.265
beta0_-2,standard,50,200,1.4558386499745456e-17,0.0,0.0,0.285
beta0_-2,standard,51,200,1.1327497351999017e-17,0.0,0.0,0.275
beta0_-2,standard,52,200,5.49182199134121e-18,0.0,0.0,0.27
beta0_-2,standard,53,200,-4.213130771631659e-18,0.0,0.0,0.33
beta0_-2,standard,54,200,1.9404720221365117e-17,0.0,0.0,0.245
beta0_-2,standard,55,200,-8.068235998053659e-19,0.0,0.0,0.29
beta0_-2,standard,56,200,1.617383107361867e-17,0.0,0.0,0.325
beta0_-2,standard,57,200,3.798905224589913e-18,0.0,0.0,0.265
beta0_-2,standard,58,200,1.0195590970702356e-17,0.0,0.0,0.29
beta0_-2,standard,59,200,-5.461575137144015e-18,0.0,0.0,0.215
beta0_-2,standard,60,200,1.7461548047884763e-17,0.0,0.0,0.3
beta0_-2,standard,61,200,1.3828569509293559e-17,0.0,0.0,0.24
beta0_-2,standard,62,200,9.468995262984116e-18,0.0,0.0,0.28
beta0_-2,standard,63,200,3.798905224589914e-18,0.0,0.0,0.245
beta0_-2,standard,64,200,8.015803847547632e-18,0.0,0.0,0.28
beta0_-2,standard,65,200,-5.461575137144014e-18,0.0,0.0,0.335
beta0_-2,standard,66,200,1.869782902554205e-18,0.0,0.0,0.225
beta0_-2,standard,67,200,1.5160479769597607e-17,0.0,0.0,0.24
beta0_-2,standard,68,200,1.2477525586681565e-17,0.0,0.0,0.215
beta0_-2,standard,69,200,-1.700171087540078e-17,0.0,0.0,0.29
beta0_-2,standard,70,200,-8.812996244027834e-18,0.0,0.0,0.24
beta0_-2,standard,71,200,-2.9790409838967344e-18,0.0,0.0,0.27
beta0_-2,standard,72,200,1.6173831073618667e-17,0.0,0.0,0.295
beta0_-2,standard,73,200,1.3828569509293557e-17,0.0,0.0,0.305
beta0_-2,standard,74,200,-2.1397396438601747e-18,0.0,0.0,0.36
beta0_-2,standard,75,200,-4.672618265977248e-18,0.0,0.0,0.36
beta0_-2,standard,76,200,5.6153416015810574e-18,0.0,0.0,0.295
beta0_-2,standard,77,200,2.1059884578386152e-18,0.0,0.0,0.19
beta0_-2,standard,78,200,-1.2049481509230449e-17,0.0,0.0,0.37
beta0_-2,standard,79,200,-4.672618265977252e-18,0.0,0.0,0.365
beta0_-2,standard,80,200,1.5981134278132273e-18,0.0,0.0,0.285
beta0_-2,standard,81,200,-1.8757757964726487e-18,0.0,0.0,0.3
beta0_-2,standard,82,200,2.105988457838614e-18,0.0,0.0,0.255
beta0_-2,standard,83,200,1.4713320739111604e-17,0.0,0.0,0.315
beta0_-2,standard,84,200,1.1648782386138838e-17,0.0,0.0,0.295
beta0_-2,standard,85,200,3.798905224589913e-18,0.0,0.0,0.28
beta0_-2,standard,86,200,-2.6248875362780195e-18,0.0,0.0,0.31
beta0_-2,standard,87,200,-7.778607013508131e-18,0.0,0.0,0.21
beta0_-2,standard,88,200,6.217299159877455e-18,0.0,0.0,0.24
beta0_-2,standard,89,200,3.0683616862427975e-18,0.0,0.0,0.33
beta0_-2,standard,90,200,1.3101973801575322e-17,0.0,0.0,0.33
beta0_-2,standard,91,200,-1.4486092679363476e-18,0.0,0.0,0.39
beta0_-2,standard,92,200,1.7461548047884772e-17,0.0,0.0,0.27
beta0_-2,standard,93,200,2.6188946423595757e-18,0.0,0.0,0.35
beta0_-2,standard,94,200,-6.634851608868767e-20,0.0,0.0,0.34
beta0_-2,standard,95,200,1.1136048495223546e-17,0.0,0.0,0.31
beta0_-2,standard,96,200,1.2942941925872237e-17,0.0,0.0,0.245
beta0_-2,standard,97,200,1.2942941925872234e-17,0.0,0.0,0.285
beta0_-2,standard,98,200,1.455838649974546e-17,0.0,0.0,0.215
beta0_-2,standard,99,200,2.880080475863292e-18,0.0,0.0,0.195
beta0_-2,standard,100,200,7.289208139829392e-18,0.0,0.0,0.235
beta_b_1.2,standard,1,200,-6.082208675455836e-18,0.0,0.0,0.005
beta_b_1.2,standard,2,200,1.1327497351999013e-17,0.0,0.0,0.025
beta_b_1.2,standard,3,200,1.7789275647491888e-17,0.0,0.0,0.03
beta_b_1.2,standard,4,200,6.247818598351413e-19,0.0,0.0,0.05
beta_b_1.2,standard,5,200,1.1648782386138838e-17,0.0,0.0,0.02
beta_b_1.2,standard,6,200,-1.1342020171206112e-17,0.0,0.0,0.04
beta_b_1.2,standard,7,200,-6.082208675455836e-18,0.0,0.0,0.02
beta_b_1.2,standard,8,200,6.664458190363463e-18,0.0,0.0,0.03
beta_b_1.2,standard,9,200,-7.804713481084448e-18,0.0,0.0,0.025
beta_b_1.2,standard,10,200,1.2375378093857077e-17,0.0,0.0,0.015
beta_b_1.2,standard,11,200,-6.082208675455832e-18,0.0,0.0,0.03
beta_b_1.2,standard,12,200,1.1206711627488343e-18,0.0,0.0,0.02
beta_b_1.2,standard,13,200,-5.59539152347932e-18,0.0,0.0,0.035
beta_b_1.2,standard,14,200,7.191472702131566e-20,0.0,0.0,0.02
beta_b_1.2,standard,15,200,7.191472702131564e-20,0.0,0.0,0.055
beta_b_1.2,standard,16,200,-8.51217481910878e-18,0.0,0.0,0.045
beta_b_1.2,standard,17,200,2.1059884578386152e-18,0.0,0.0,0.045
beta_b_1.2,standard,18,200,3.798905224589913e-18,0.0,0.0,0.03
beta_b_1.2,standard,19,200,1.2412670766236412e-19,0.0,0.0,0.045
beta_b_1.2,standard,20,200,4.312481243036678e-18,0.0,0.0,0.025
beta_b_1.2,standard,21,200,1.2030366556195556e-17,0.0,0.0,0.015
beta_b_1.2,standard,22,200,5.491821991341209e-18,0.0,0.0,0.01
beta_b_1.2,standard,23,200,1.1327497351999017e-17,0.0,0.0,0.015
beta_b_1.2,standard,24,200,-7.013158982923564e-18,0.0,0.0,0.025
beta_b_1.2,standard,25,200,2.5667832135800375e-18,0.0,0.0,0.015
beta_b_1.2,standard,26,200,2.1059884578386152e-18,0.0,0.0,0.02
beta_b_1.2,standard,27,200,1.3101973801575321e-17,0.0,0.0,0.025
beta_b_1.2,standard,28,200,1.9075906686619696e-18,0.0,0.0,0.05
beta_b_1.2,standard,29,200,-3.909991291364464e-18,0.0,0.0,0.03
beta_b_1.2,standard,30,200,1.1206711627488349e-18,0.0,0.0,0.02
beta_b_1.2,standard,31,200,1.4558386499745456e-17,0.0,0.0,0.015
beta_b_1.2,standard,32,200,-8.512174819108774e-18,0.0,0.0,0.03
beta_b_1.2,standard,33,200,1.2942941925872237e-17,0.0,0.0,0.025
beta_b_1.2,standard,34,200,-7.80471348108445e-18,0.0,0.0,0.035
beta_b_1.2,standard,35,200,-7.804713481084451e-18,0.0,0.0,0.05
beta_b_1.2,standard,36,200,7.184738758092509e-18,0.0,0.0,0.02
beta_b_1.2,standard,37,200,1.337184364765359e-17,0.0,0.0,0.01
beta_b_1.2,standard,38,200,1.1583207525709552e-17,0.0,0.0,0.015
beta_b_1.2,standard,39,200,1.7789275647491888e-17,0.0,0.0,0.01
beta_b_1.2,standard,40,200,2.9644591979379672e-18,0.0,0.0,0.02
beta_b_1.2,standard,41,200,-4.6726182659772545e-18,0.0,0.0,0.035
beta_b_1.2,standard,42,200,3.715594229434638e-19,0.0,0.0,0.025
beta_b_1.2,standard,43,200,1.6173831073618683e-17,0.0,0.0,0.04
beta_b_1.2,standard,44,200,-6.3897908050357816e-18,0.0,0.0,0.035
beta_b_1.2,standard,45,200,1.3104486383259559e-17,0.0,0.0,0.02
beta_b_1.2,standard,46,200,1.068888946473753e-17,0.0,0.0,0.055
beta_b_1.2,standard,47,200,-9.927097495157444e-18,0.0,0.0,0.02
beta_b_1.2,standard,48,200,1.4266161708625608e-17,0.0,0.0,0.02
beta_b_1.2,standard,49,200,-3.909991291364465e-18,0.0,0.0,0.045
beta_b_1.2,standard,50,200,1.4558386499745456e-17,0.0,0.0,0.035
beta_b_1.2,standard,51,200,1.1327497351999017e-17,0.0,0.0,0.035
beta_b_1.2,standard,52,200,5.49182199134121e-18,0.0,0.0,0.02
beta_b_1.2,standard,53,200,-4.213130771631659e-18,0.0,0.0,0.04
beta_b_1.2,standard,54,200,1.9404720221365117e-17,0.0,0.0,0.04
beta_b_1.2,standard,55,200,-8.068235998053659e-19,0.0,0.0,0.02
beta_b_1.2,standard,56,200,1.617383107361867e-17,0.0,0.0,0.02
beta_b_1.2,standard,57,200,3.798905224589913e-18,0.0,0.0,0.02
beta_b_1.2,standard,58,200,1.0195590970702356e-17,0.0,0.0,0.015
beta_b_1.2,standard,59,200,-5.461575137144015e-18,0.0,0.0,0.005
beta_b_1.2,standard,60,200,1.7461548047884763e-17,0.0,0.0,0.04
beta_b_1.2,standard,61,200,1.3828569509293559e-17,0.0,0.0,0.025
beta_b_1.2,standard,62,200,9.468995262984116e-18,0.0,0.0,0.025
beta_b_1.2,standard,63,200,3.798905224589914e-18,0.0,0.0,0.035
beta_b_1.2,standard,64,200,8.015803847547632e-18,0.0,0.0,0.015
beta_b_1.2,standard,65,200,-5.461575137144014e-18,0.0,0.0,0.055
beta_b_1.2,standard,66,200,1.869782902554205e-18,0.0,0.0,0.045
beta_b_1.2,standard,67,200,1.5160479769597607e-17,0.0,0.0,0.03
beta_b_1.2,standard,68,200,1.2477525586681565e-17,0.0,0.0,0.03
beta_b_1.2,standard,69,200,-1.700171087540078e-17,0.0,0.0,0.02
beta_b_1.2,standard,70,200,-8.812996244027834e-18,0.0,0.0,0.025
beta_b_1.2,standard,71,200,-2.9790409838967344e-18,0.0,0.0,0.04
beta_b_1.2,standard,72,200,1.6173831073618667e-17,0.0,0.0,0.08
beta_b_1.2,standard,73,200,1.3828569509293557e-17,0.0,0.0,0.06
beta_b_1.2,standard,74,200,-2.1397396438601747e-18,0.0,0.0,0.065
beta_b_1.2,standard,75,200,-4.672618265977248e-18,0.0,0.0,0.01
beta_b_1.2,standard,76,200,5.6153416015810574e-18,0.0,0.0,0.045
beta_b_1.2,standard,77,200,2.1059884578386152e-18,0.0,0.0,0.015
beta_b_1.2,standard,78,200,-1.2049481509230449e-17,0.0,0.0,0.06
beta_b_1.2,standard,79,200,-4.672618265977252e-18,0.0,0.0,0.055
beta_b_1.2,standard,80,200,1.5981134278132273e-18,0.0,0.0,0.03
beta_b_1.2,standard,81,200,-1.8757757964726487e-18,0.0,0.0,0.03
beta_b_1.2,standard,82,200,2.105988457838614e-18,0.0,0.0,0.02
beta_b_1.2,standard,83,200,1.4713320739111604e-17,0.0,0.0,0.04
beta_b_1.2,standard,84,200,1.1648782386138838e-17,0.0,0.0,0.035
beta_b_1.2,standard,85,200,3.798905224589913e-18,0.0,0.0,0.03
beta_b_1.2,standard,86,200,-2.6248875362780195e-18,0.0,0.0,0.04
beta_b_1.2,standard,87,200,-7.778607013508131e-18,0.0,0.0,0.03
beta_b_1.2,standard,88,200,6.217299159877455e-18,0.0,0.0,0.02
beta_b_1.2,standard,89,200,3.0683616862427975e-18,0.0,0.0,0.03
beta_b_1.2,standard,90,200,1.3101973801575322e-17,0.0,0.0,0.03
beta_b_1.2,standard,91,200,-1.4486092679363476e-18,0.0,0.0,0.05
beta_b_1.2,standard,92,200,1.7461548047884772e-17,0.0,0.0,0.02
beta_b_1.2,standard,93,200,2.6188946423595757e-18,0.0,0.0,0.05
beta_b_1.2,standard,94,200,-6.634851608868767e-20,0.0,0.0,0.035
beta_b_1.2,standard,95,200,1.1136048495223546e-17,0.0,0.0,0.05
beta_b_1.2,standard,96,200,1.2942941925872237e-17,0.0,0.0,0.035
beta_b_1.2,standard,97,200,1.2942941925872234e-17,0.0,0.0,0.035
beta_b_1.2,standard,98,200,1.455838649974546e-17,0.0,0.0,0.015
beta_b_1.2,standard,99,200,2.880080475863292e-18,0.0,0.0,0.005
beta_b_1.2,standard,100,200,7.289208139829392e-18,0.0,0.0,0.055
beta_b_1.4,standard,1,200,-6.082208675455836e-18,0.0,0.0,0.005
beta_b_1.4,standard,2,200,1.1327497351999013e-17,0.0,0.0,0.025
beta_b_1.4,standard,3,200,1.7789275647491888e-17,0.0,0.0,0.035
beta_b_1.4,standard,4,200,6.247818598351413e-19,0.0,0.0,0.05
beta_b_1.4,standard,5,200,1.1648782386138838e-17,0.0,0.0,0.03
beta_b_1.4,standard,6,200,-1.1342020171206112e-17,0.0,0.0,0.045
beta_b_1.4,standard,7,200,-6.082208675455836e-18,0.0,0.0,0.025
beta_b_1.4,standard,8,200,6.664458190363463e-18,0.0,0.0,0.03
beta_b_1.4,standard,9,200,-7.804713481084448e-18,0.0,0.0,0.025
beta_b_1.4,standard,10,200,1.2375378093857077e-17,0.0,0.0,0.015
beta_b_1.4,standard,11,200,-6.082208675455832e-18,0.0,0.0,0.035
beta_b_1.4,standard,12,200,1.1206711627488343e-18,0.0,0.0,0.03
beta_b_1.4,standard,13,200,-5.59539152347932e-18,0.0,0.0,0.045
beta_b_1.4,standard,14,200,7.191472702131566e-20,0.0,0.0,0.02
beta_b_1.4,standard,15,200,7.191472702131564e-20,0.0,0.0,0.055
beta_b_1.4,standard,16,200,-8.51217481910878e-18,0.0,0.0,0.055
beta_b_1.4,standard,17,200,2.1059884578386152e-18,0.0,0.0,0.05
beta_b_1.4,standard,18,200,3.798905224589913e-18,0.0,0.0,0.03
beta_b_1.4,standard,19,200,1.2412670766236412e-19,0.0,0.0,0.045
beta_b_1.4,standard,20,200,4.312481243036678e-18,0.0,0.0,0.025
beta_b_1.4,standard,21,200,1.2030366556195556e-17,0.0,0.0,0.015
beta_b_1.4,standard,22,200,5.491821991341209e-18,0.0,0.0,0.015
beta_b_1.4,standard,23,200,1.1327497351999017e-17,0.0,0.0,0.015
beta_b_1.4,standard,24,200,-7.013158982923564e-18,0.0,0.0,0.025
beta_b_1.4,standard,25,200,2.5667832135800375e-18,0.0,0.0,0.02
beta_b_1.4,standard,26,200,2.1059884578386152e-18,0.0,0.0,0.03
beta_b_1.4,standard,27,200,1.3101973801575321e-17,0.0,0.0,0.03
beta_b_1.4,standard,28,200,1.9075906686619696e-18,0.0,0.0,0.065
beta_b_1.4,standard,29,200,-3.909991291364464e-18,0.0,0.0,0.03
beta_b_1.4,standard,30,200,1.1206711627488349e-18,0.0,0.0,0.02
beta_b_1.4,standard,31,200,1.4558386499745456e-17,0.0,0.0,0.015
beta_b_1.4,standard,32,200,-8.512174819108774e-18,0.0,0.0,0.045
beta_b_1.4,standard,33,200,1.2942941925872237e-17,0.0,0.0,0.03
beta_b_1.4,standard,34,200,-7.80471348108445e-18,0.0,0.0,0.035
beta_b_1.4,standard,35,200,-7.804713481084451e-18,0.0,0.0,0.05
beta_b_1.4,standard,36,200,7.184738758092509e-18,0.0,0.0,0.02
beta_b_1.4,standard,37,200,1.337184364765359e-17,0.0,0.0,0.015
beta_b_1.4,standard,38,200,1.1583207525709552e-17,0.0,0.0,0.015
beta_b_1.4,standard,39,200,1.7789275647491888e-17,0.0,0.0,0.015
beta_b_1.4,standard,40,200,2.9644591979379672e-18,0.0,0.0,0.02
beta_b_1.4,standard,41,200,-4.6726182659772545e-18,0.0,0.0,0.04
beta_b_1.4,standard,42,200,3.715594229434638e-19,0.0,0.0,0.025
beta_b_1.4,standard,43,200,1.6173831073618683e-17,0.0,0.0,0.045
beta_b_1.4,standard,44,200,-6.3897908050357816e-18,0.0,0.0,0.035
beta_b_1.4,standard,45,200,1.3104486383259559e-17,0.0,0.0,0.02
beta_b_1.4,standard,46,200,1.068888946473753e-17,0.0,0.0,0.06
beta_b_1.4,standard,47,200,-9.927097495157444e-18,0.0,0.0,0.02
beta_b_1.4,standard,48,200,1.4266161708625608e-17,0.0,0.0,0.02
beta_b_1.4,standard,49,200,-3.909991291364465e-18,0.0,0.0,0.045
beta_b_1.4,standard,50,200,1.4558386499745456e-17,0.0,0.0,0.04
beta_b_1.4,standard,51,200,1.1327497351999017e-17,0.0,0.0,0.035
beta_b_1.4,standard,52,200,5.49182199134121e-18,0.0,0.0,0.02
beta_b_1.4,standard,53,200,-4.213130771631659e-18,0.0,0.0,0.05
beta_b_1.4,standard,54,200,1.9404720221365117e-17,0.0,0.0,0.04
beta_b_1.4,standard,55,200,-8.068235998053659e-19,0.0,0.0,0.02
beta_b_1.4,standard,56,200,1.617383107361867e-17,0.0,0.0,0.02
beta_b_1.4,standard,57,200,3.798905224589913e-18,0.0,0.0,0.025
beta_b_1.4,standard,58,200,1.0195590970702356e-17,0.0,0.0,0.02
beta_b_1.4,standard,59,200,-5.461575137144015e-18,0.0,0.0,0.01
beta_b_1.4,standard,60,200,1.7461548047884763e-17,0.0,0.0,0.05
beta_b_1.4,standard,61,200,1.3828569509293559e-17,0.0,0.0,0.03
beta_b_1.4,standard,62,200,9.468995262984116e-18,0.0,0.0,0.025
beta_b_1.4,standard,63,200,3.798905224589914e-18,0.0,0.0,0.035
beta_b_1.4,standard,64,200,8.015803847547632e-18,0.0,0.0,0.015
beta_b_1.4,standard,65,200,-5.461575137144014e-18,0.0,0.0,0.07
beta_b_1.4,standard,66,200,1.869782902554205e-18,0.0,0.0,0.045
beta_b_1.4,standard,67,200,1.5160479769597607e-17,0.0,0.0,0.03
beta_b_1.4,standard,68,200,1.2477525586681565e-17,0.0,0.0,0.03
beta_b_1.4,standard,69,200,-1.700171087540078e-17,0.0,0.0,0.02
beta_b_1.4,standard,70,200,-8.812996244027834e-18,0.0,0.0,0.03
beta_b_1.4,standard,71,200,-2.9790409838967344e-18,0.0,0.0,0.04
beta_b_1.4,standard,72,200,1.6173831073618667e-17,0.0,0.0,0.085
beta_b_1.4,standard,73,200,1.3828569509293557e-17,0.0,0.0,0.065
beta_b_1.4,standard,74,200,-2.1397396438601747e-18,0.0,0.0,0.07
beta_b_1.4,standard,75,200,-4.672618265977248e-18,0.0,0.0,0.015
beta_b_1.4,standard,76,200,5.6153416015810574e-18,0.0,0.0,0.05
beta_b_1.4,standard,77,200,2.1059884578386152e-18,0.0,0.0,0.02
beta_b_1.4,standard,78,200,-1.2049481509230449e-17,0.0,0.0,0.07
beta_b_1.4,standard,79,200,-4.672618265977252e-18,0.0,0.0,0.065
beta_b_1.4,standard,80,200,1.5981134278132273e-18,0.0,0.0,0.03
beta_b_1.4,standard,81,200,-1.8757757964726487e-18,0.0,0.0,0.03
beta_b_1.4,standard,82,200,2.105988457838614e-18,0.0,0.0,0.02
beta_b_1.4,standard,83,200,1.4713320739111604e-17,0.0,0.0,0.04
beta_b_1.4,standard,84,200,1.1648782386138838e-17,0.0,0.0,0.035
beta_b_1.4,standard,85,200,3.798905224589913e-18,0.0,0.0,0.03
beta_b_1.4,standard,86,200,-2.6248875362780195e-18,0.0,0.0,0.04
beta_b_1.4,standard,87,200,-7.778607013508131e-18,0.0,0.0,0.03
beta_b_1.4,standard,88,200,6.217299159877455e-18,0.0,0.0,0.02
beta_b_1.4,standard,89,200,3.0683616862427975e-18,0.0,0.0,0.05
beta_b_1.4,standard,90,200,1.3101973801575322e-17,0.0,0.0,0.03
beta_b_1.4,standard,91,200,-1.4486092679363476e-18,0.0,0.0,0.05
beta_b_1.4,standard,92,200,1.7461548047884772e-17,0.0,0.0,0.02
beta_b_1.4,standard,93,200,2.6188946423595757e-18,0.0,0.0,0.055
beta_b_1.4,standard,94,200,-6.634851608868767e-20,0.0,0.0,0.04
beta_b_1.4,standard,95,200,1.1136048495223546e-17,0.0,0.0,0.05
beta_b_1.4,standard,96,200,1.2942941925872237e-17,0.0,0.0,0.035
beta_b_1.4,standard,97,200,1.2942941925872234e-17,0.0,0.0,0.04
beta_b_1.4,standard,98,200,1.455838649974546e-17,0.0,0.0,0.025
beta_b_1.4,standard,99,200,2.880080475863292e-18,0.0,0.0,0.005
beta_b_1.4,standard,100,200,7.289208139829392e-18,0.0,0.0,0.055
beta_b_1.8,standard,1,200,-6.082208675455836e-18,0.0,0.0,0.015
beta_b_1.8,standard,2,200,1.1327497351999013e-17,0.0,0.0,0.04
beta_b_1.8,standard,3,200,1.7789275647491888e-17,0.0,0.0,0.04
beta_b_1.8,standard,4,200,6.247818598351413e-19,0.0,0.0,0.07
beta_b_1.8,standard,5,200,1.1648782386138838e-17,0.0,0.0,0.04
beta_b_1.8,standard,6,200,-1.1342020171206112e-17,0.0,0.0,0.045
beta_b_1.8,standard,7,200,-6.082208675455836e-18,0.0,0.0,0.03
beta_b_1.8,standard,8,200,6.664458190363463e-18,0.0,0.0,0.03
beta_b_1.8,standard,9,200,-7.804713481084448e-18,0.0,0.0,0.035
beta_b_1.8,standard,10,200,1.2375378093857077e-17,0.0,0.0,0.025
beta_b_1.8,standard,11,200,-6.082208675455832e-18,0.0,0.0,0.04
beta_b_1.8,standard,12,200,1.1206711627488343e-18,0.0,0.0,0.035
beta_b_1.8,standard,13,200,-5.59539152347932e-18,0.0,0.0,0.06
beta_b_1.8,standard,14,200,7.191472702131566e-20,0.0,0.0,0.02
beta_b_1.8,standard,15,200,7.191472702131564e-20,0.0,0.0,0.055
beta_b_1.8,standard,16,200,-8.51217481910878e-18,0.0,0.0,0.07
beta_b_1.8,standard,17,200,2.1059884578386152e-18,0.0,0.0,0.05
beta_b_1.8,standard,18,200,3.798905224589913e-18,0.0,0.0,0.035
beta_b_1.8,standard,19,200,1.2412670766236412e-19,0.0,0.0,0.05
beta_b_1.8,standard,20,200,4.312481243036678e-18,0.0,0.0,0.025
beta_b_1.8,standard,21,200,1.2030366556195556e-17,0.0,0.0,0.015
beta_b_1.8,standard,22,200,5.491821991341209e-18,0.0,0.0,0.02
beta_b_1.8,standard,23,200,1.1327497351999017e-17,0.0,0.0,0.02
beta_b_1.8,standard,24,200,-7.013158982923564e-18,0.0,0.0,0.025
beta_b_1.8,standard,25,200,2.5667832135800375e-18,0.0,0.0,0.02
beta_b_1.8,standard,26,200,2.1059884578386152e-18,0.0,0.0,0.035
beta_b_1.8,standard,27,200,1.3101973801575321e-17,0.0,0.0,0.04
beta_b_1.8,standard,28,200,1.9075906686619696e-18,0.0,0.0,0.08
beta_b_1.8,standard,29,200,-3.909991291364464e-18,0.0,0.0,0.035
beta_b_1.8,standard,30,200,1.1206711627488349e-18,0.0,0.0,0.025
beta_b_1.8,standard,31,200,1.4558386499745456e-17,0.0,0.0,0.015
beta_b_1.8,standard,32,200,-8.512174819108774e-18,0.0,0.0,0.065
beta_b_1.8,standard,33,200,1.2942941925872237e-17,0.0,0.0,0.04
beta_b_1.8,standard,34,200,-7.80471348108445e-18,0.0,0.0,0.045
beta_b_1.8,standard,35,200,-7.804713481084451e-18,0.0,0.0,0.06
beta_b_1.8,standard,36,200,7.184738758092509e-18,0.0,0.0,0.02
beta_b_1.8,standard,37,200,1.337184364765359e-17,0.0,0.0,0.02
beta_b_1.8,standard,38,200,1.1583207525709552e-17,0.0,0.0,0.02
beta_b_1.8,standard,39,200,1.7789275647491888e-17,0.0,0.0,0.035
beta_b_1.8,standard,40,200,2.9644591979379672e-18,0.0,0.0,0.02
beta_b_1.8,standard,41,200,-4.6726182659772545e-18,0.0,0.0,0.055
beta_b_1.8,standard,42,200,3.715594229434638e-19,0.0,0.0,0.025
beta_b_1.8,standard,43,200,1.6173831073618683e-17,0.0,0.0,0.06
beta_b_1.8,standard,44,200,-6.3897908050357816e-18,0.0,0.0,0.07
beta_b_1.8,standard,45,200,1.3104486383259559e-17,0.0,0.0,0.04
beta_b_1.8,standard,46,200,1.068888946473753e-17,0.0,0.0,0.07
beta_b_1.8,standard,47,200,-9.927097495157444e-18,0.0,0.0,0.03
beta_b_1.8,standard,48,200,1.4266161708625608e-17,0.0,0.0,0.02
beta_b_1.8,standard,49,200,-3.909991291364465e-18,0.0,0.0,0.05
beta_b_1.8,standard,50,200,1.4558386499745456e-17,0.0,0.0,0.055
beta_b_1.8,standard,51,200,1.1327497351999017e-17,0.0,0.0,0.045
beta_b_1.8,standard,52,200,5.49182199134121e-18,0.0,0.0,0.035
beta_b_1.8,standard,53,200,-4.213130771631659e-18,0.0,0.0,0.05
beta_b_1.8,standard,54,200,1.9404720221365117e-17,0.0,0.0,0.04
beta_b_1.8,standard,55,200,-8.068235998053659e-19,0.0,0.0,0.02
beta_b_1.8,standard,56,200,1.617383107361867e-17,0.0,0.0,0.025
beta_b_1.8,standard,57,200,3.798905224589913e-18,0.0,0.0,0.03
beta_b_1.8,standard,58,200,1.0195590970702356e-17,0.0,0.0,0.03
beta_b_1.8,standard,59,200,-5.461575137144015e-18,0.0,0.0,0.02
beta_b_1.8,standard,60,200,1.7461548047884763e-17,0.0,0.0,0.065
beta_b_1.8,standard,61,200,1.3828569509293559e-17,0.0,0.0,0.035
beta_b_1.8,standard,62,200,9.468995262984116e-18,0.0,0.0,0.03
beta_b_1.8,standard,63,200,3.798905224589914e-18,0.0,0.0,0.04
beta_b_1.8,standard,64,200,8.015803847547632e-18,0.0,0.0,0.02
beta_b_1.8,standard,65,200,-5.461575137144014e-18,0.0,0.0,0.085
beta_b_1.8,standard,66,200,1.869782902554205e-18,0.0,0.0,0.055
beta_b_1.8,standard,67,200,1.5160479769597607e-17,0.0,0.0,0.035
beta_b_1.8,standard,68,200,1.2477525586681565e-17,0.0,0.0,0.035
beta_b_1.8,standard,69,200,-1.700171087540078e-17,0.0,0.0,0.035
beta_b_1.8,standard,70,200,-8.812996244027834e-18,0.0,0.0,0.04
beta_b_1.8,standard,71,200,-2.9790409838967344e-18,0.0,0.0,0.04
beta_b_1.8,standard,72,200,1.6173831073618667e-17,0.0,0.0,0.095
beta_b_1.8,standard,73,200,1.3828569509293557e-17,0.0,0.0,0.075
beta_b_1.8,standard,74,200,-2.1397396438601747e-18,0.0,0.0,0.09
beta_b_1.8,standard,75,200,-4.672618265977248e-18,0.0,0.0,0.02
beta_b_1.8,standard,76,200,5.6153416015810574e-18,0.0,0.0,0.055
beta_b_1.8,standard,77,200,2.1059884578386152e-18,0.0,0.0,0.025
beta_b_1.8,standard,78,200,-1.2049481509230449e-17,0.0,0.0,0.075
beta_b_1.8,standard,79,200,-4.672618265977252e-18,0.0,0.0,0.08
beta_b_1.8,standard,80,200,1.5981134278132273e-18,0.0,0.0,0.035
beta_b_1.8,standard,81,200,-1.8757757964726487e-18,0.0,0.0,0.04
beta_b_1.8,standard,82,200,2.105988457838614e-18,0.0,0.0,0.03
beta_b_1.8,standard,83,200,1.4713320739111604e-17,0.0,0.0,0.045
beta_b_1.8,standard,84,200,1.1648782386138838e-17,0.0,0.0,0.04
beta_b_1.8,standard,85,200,3.798905224589913e-18,0.0,0.0,0.035
beta_b_1.8,standard,86,200,-2.6248875362780195e-18,0.0,0.0,0.055
beta_b_1.8,standard,87,200,-7.778607013508131e-18,0.0,0.0,0.03
beta_b_1.8,standard,88,200,6.217299159877455e-18,0.0,0.0,0.03
beta_b_1.8,standard,89,200,3.0683616862427975e-18,0.0,0.0,0.055
beta_b_1.8,standard,90,200,1.3101973801575322e-17,0.0,0.0,0.05
beta_b_1.8,standard,91,200,-1.4486092679363476e-18,0.0,0.0,0.06
beta_b_1.8,standard,92,200,1.7461548047884772e-17,0.0,0.0,0.035
beta_b_1.8,standard,93,200,2.6188946423595757e-18,0.0,0.0,0.06
beta_b_1.8,standard,94,200,-6.634851608868767e-20,0.0,0.0,0.055
beta_b_1.8,standard,95,200,1.1136048495223546e-17,0.0,0.0,0.06
beta_b_1.8,standard,96,200,1.2942941925872237e-17,0.0,0.0,0.045
beta_b_1.8,standard,97,200,1.2942941925872234e-17,0.0,0.0,0.045
beta_b_1.8,standard,98,200,1.455838649974546e-17,0.0,0.0,0.03
beta_b_1.8,standard,99,200,2.880080475863292e-18,0.0,0.0,0.01
beta_b_1.8,standard,100,200,7.289208139829392e-18,0.0,0.0,0.07
beta_b_2,standard,1,200,-6.082208675455836e-18,0.0,0.0,0.03
beta_b_2,standard,2,200,1.1327497351999013e-17,0.0,0.0,0.04
beta_b_2,standard,3,200,1.7789275647491888e-17,0.0,0.0,0.04
beta_b_2,standard,4,200,6.247818598351413e-19,0.0,0.0,0.075
beta_b_2,standard,5,200,1.1648782386138838e-17,0.0,0.0,0.055
beta_b_2,standard,6,200,-1.1342020171206112e-17,0.0,0.0,0.05
beta_b_2,standard,7,200,-6.082208675455836e-18,0.0,0.0,0.03
beta_b_2,standard,8,200,6.664458190363463e-18,0.0,0.0,0.03
beta_b_2,standard,9,200,-7.804713481084448e-18,0.0,0.0,0.035
beta_b_2,standard,10,200,1.2375378093857077e-17,0.0,0.0,0.025
beta_b_2,standard,11,200,-6.082208675455832e-18,0.0,0.0,0.04
beta_b_2,standard,12,200,1.1206711627488343e-18,0.0,0.0,0.04
beta_b_2,standard,13,200,-5.59539152347932e-18,0.0,0.0,0.065
beta_b_2,standard,14,200,7.191472702131566e-20,0.0,0.0,0.02
beta_b_2,standard,15,200,7.191472702131564e-20,0.0,0.0,0.06
beta_b_2,standard,16,200,-8.51217481910878e-18,0.0,0.0,0.08
beta_b_2,standard,17,200,2.1059884578386152e-18,0.0,0.0,0.055
beta_b_2,standard,18,200,3.798905224589913e-18,0.0,0.0,0.045
beta_b_2,standard,19,200,1.2412670766236412e-19,0.0,0.0,0.05
beta_b_2,standard,20,200,4.312481243036678e-18,0.0,0.0,0.025
beta_b_2,standard,21,200,1.2030366556195556e-17,0.0,0.0,0.025
beta_b_2,standard,22,200,5.491821991341209e-18,0.0,0.0,0.02
beta_b_2,standard,23,200,1.1327497351999017e-17,0.0,0.0,0.035
beta_b_2,standard,24,200,-7.013158982923564e-18,0.0,0.0,0.03
beta_b_2,standard,25,200,2.5667832135800375e-18,0.0,0.0,0.02
beta_b_2,standard,26,200,2.1059884578386152e-18,0.0,0.0,0.04
beta_b_2,standard,27,200,1.3101973801575321e-17,0.0,0.0,0.045
beta_b_2,standard,28,200,1.9075906686619696e-18,0.0,0.0,0.09
beta_b_2,standard,29,200,-3.909991291364464e-18,0.0,0.0,0.04
beta_b_2,standard,30,200,1.1206711627488349e-18,0.0,0.0,0.035
beta_b_2,standard,31,200,1.4558386499745456e-17,0.0,0.0,0.02
beta_b_2,standard,32,200,-8.512174819108774e-18,0.0,0.0,0.065
beta_b_2,standard,33,200,1.2942941925872237e-17,0.0,0.0,0.045
beta_b_2,standard,34,200,-7.80471348108445e-18,0.0,0.0,0.05
beta_b_2,standard,35,200,-7.804713481084451e-18,0.0,0.0,0.085
beta_b_2,standard,36,200,7.184738758092509e-18,0.0,0.0,0.02
beta_b_2,standard,37,200,1.337184364765359e-17,0.0,0.0,0.025
beta_b_2,standard,38,200,1.1583207525709552e-17,0.0,0.0,0.02
beta_b_2,standard,39,200,1.7789275647491888e-17,0.0,0.0,0.035
beta_b_2,standard,40,200,2.9644591979379672e-18,0.0,0.0,0.03
beta_b_2,standard,41,200,-4.6726182659772545e-18,0.0,0.0,0.06
beta_b_2,standard,42,200,3.715594229434638e-19,0.0,0.0,0.03
beta_b_2,standard,43,200,1.6173831073618683e-17,0.0,0.0,0.065
beta_b_2,standard,44,200,-6.3897908050357816e-18,0.0,0.0,0.085
beta_b_2,standard,45,200,1.3104486383259559e-17,0.0,0.0,0.04
beta_b_2,standard,46,200,1.068888946473753e-17,0.0,0.0,0.08
beta_b_2,standard,47,200,-9.927097495157444e-18,0.0,0.0,0.035
beta_b_2,standard,48,200,1.4266161708625608e-17,0.0,0.0,0.03
beta_b_2,standard,49,200,-3.909991291364465e-18,0.0,0.0,0.05
beta_b_2,standard,50,200,1.4558386499745456e-17,0.0,0.0,0.06
beta_b_2,standard,51,200,1.1327497351999017e-17,0.0,0.0,0.06
beta_b_2,standard,52,200,5.49182199134121e-18,0.0,0.0,0.035
beta_b_2,standard,53,200,-4.213130771631659e-18,0.0,0.0,0.06
beta_b_2,standard,54,200,1.9404720221365117e-17,0.0,0.0,0.045
beta_b_2,standard,55,200,-8.068235998053659e-19,0.0,0.0,0.025
beta_b_2,standard,56,200,1.617383107361867e-17,0.0,0.0,0.04
beta_b_2,standard,57,200,3.798905224589913e-18,0.0,0.0,0.035
beta_b_2,standard,58,200,1.0195590970702356e-17,0.0,0.0,0.035
beta_b_2,standard,59,200,-5.461575137144015e-18,0.0,0.0,0.025
beta_b_2,standard,60,200,1.7461548047884763e-17,0.0,0.0,0.08
beta_b_2,standard,61,200,1.3828569509293559e-17,0.0,0.0,0.035
beta_b_2,standard,62,200,9.468995262984116e-18,0.0,0.0,0.035
beta_b_2,standard,63,200,3.798905224589914e-18,0.0,0.0,0.04
beta_b_2,standard,64,200,8.015803847547632e-18,0.0,0.0,0.035
beta_b_2,standard,65,200,-5.461575137144014e-18,0.0,0.0,0.085
beta_b_2,standard,66,200,1.869782902554205e-18,0.0,0.0,0.07
beta_b_2,standard,67,200,1.5160479769597607e-17,0.0,0.0,0.035
beta_b_2,standard,68,200,1.2477525586681565e-17,0.0,0.0,0.04
beta_b_2,standard,69,200,-1.700171087540078e-17,0.0,0.0,0.035
beta_b_2,standard,70,200,-8.812996244027834e-18,0.0,0.0,0.04
beta_b_2,standard,71,200,-2.9790409838967344e-18,0.0,0.0,0.045
beta_b_2,standard,72,200,1.6173831073618667e-17,0.0,0.0,0.095
beta_b_2,standard,73,200,1.3828569509293557e-17,0.0,0.0,0.075
beta_b_2,standard,74,200,-2.1397396438601747e-18,0.0,0.0,0.095
beta_b_2,standard,75,200,-4.672618265977248e-18,0.0,0.0,0.02
beta_b_2,standard,76,200,5.6153416015810574e-18,0.0,0.0,0.07
beta_b_2,standard,77,200,2.1059884578386152e-18,0.0,0.0,0.025
beta_b_2,standard,78,200,-1.2049481509230449e-17,0.0,0.0,0.095
beta_b_2,standard,79,200,-4.672618265977252e-18,0.0,0.0,0.095
beta_b_2,standard,80,200,1.5981134278132273e-18,0.0,0.0,0.04
beta_b_2,standard,81,200,-1.8757757964726487e-18,0.0,0.0,0.045
beta_b_2,standard,82,200,2.105988457838614e-18,0.0,0.0,0.035
beta_b_2,standard,83,200,1.4713320739111604e-17,0.0,0.0,0.05
beta_b_2,standard,84,200,1.1648782386138838e-17,0.0,0.0,0.05
beta_b_2,standard,85,200,3.798905224589913e-18,0.0,0.0,0.045
beta_b_2,standard,86,200,-2.6248875362780195e-18,0.0,0.0,0.075
beta_b_2,standard,87,200,-7.778607013508131e-18,0.0,0.0,0.035
beta_b_2,standard,88,200,6.217299159877455e-18,0.0,0.0,0.04
beta_b_2,standard,89,200,3.0683616862427975e-18,0.0,0.0,0.06
beta_b_2,standard,90,200,1.3101973801575322e-17,0.0,0.0,0.06
beta_b_2,standard,91,200,-1.4486092679363476e-18,0.0,0.0,0.07
beta_b_2,standard,92,200,1.7461548047884772e-17,0.0,0.0,0.05
beta_b_2,standard,93,200,2.6188946423595757e-18,0.0,0.0,0.065
beta_b_2,standard,94,200,-6.634851608868767e-20,0.0,0.0,0.08
beta_b_2,standard,95,200,1.1136048495223546e-17,0.0,0.0,0.06
beta_b_2,standard,96,200,1.2942941925872237e-17,0.0,0.0,0.06
beta_b_2,standard,97,200,1.2942941925872234e-17,0.0,0.0,0.05
beta_b_2,standard,98,200,1.455838649974546e-17,0.0,0.0,0.03
beta_b_2,standard,99,200,2.880080475863292e-18,0.0,0.0,0.01
beta_b_2,standard,100,200,7.289208139829392e-18,0.0,0.0,0.08
prop_0.3,standard,1,200,-5.470901568820748e-18,0.0,0.0,0.015
prop_0.3,standard,2,200,2.6188946423595765e-18,0.0,0.0,0.035
prop_0.3,standard,3,200,-4.672618265977255e-18,0.0,0.0,0.055
prop_0.3,standard,4,200,1.90759066866197e-18,0.0,0.0,0.08
prop_0.3,standard,5,200,5.308986980532073e-18,0.0,0.0,0.045
prop_0.3,standard,6,200,-4.672618265977255e-18,0.0,0.0,0.045
prop_0.3,standard,7,200,-2.830870019784007e-18,0.0,0.0,0.03
prop_0.3,standard,8,200,5.6153416015810574e-18,0.0,0.0,0.035
prop_0.3,standard,9,200,-1.436529974174532e-17,0.0,0.0,0.05
prop_0.3,standard,10,200,5.4444203218721724e-18,0.0,0.0,0.03
prop_0.3,standard,11,200,3.0683616862427987e-18,0.0,0.0,0.04
prop_0.3,standard,12,200,1.9075906686619696e-18,0.0,0.0,0.045
prop_0.3,standard,13,200,-1.2413714283527528e-17,0.0,0.0,0.065
prop_0.3,standard,14,200,-3.8056561669254906e-17,0.0,0.0,0.04
prop_0.3,standard,15,200,-5.470901568820745e-18,0.0,0.0,0.055
prop_0.3,standard,16,200,5.308986980532074e-18,0.0,0.0,0.07
prop_0.3,standard,17,200,1.2942941925872237e-17,0.0,0.0,0.05
prop_0.3,standard,18,200,2.7086668268020804e-20,0.0,0.0,0.065
prop_0.3,standard,19,200,5.308986980532074e-18,0.0,0.0,0.05
prop_0.3,standard,20,200,-1.5826155226951403e-18,0.0,0.0,0.025
prop_0.3,standard,21,200,-9.219636157133117e-18,0.0,0.0,0.02
prop_0.3,standard,22,200,-6.634851608868769e-20,0.0,0.0,0.015
prop_0.3,standard,23,200,4.76725361517166e-18,0.0,0.0,0.02
prop_0.3,standard,24,200,-4.672618265977252e-18,0.0,0.0,0.025
prop_0.3,standard,25,200,3.715594229434638e-19,0.0,0.0,0.025
prop_0.3,standard,26,200,5.308986980532073e-18,0.0,0.0,0.04
prop_0.3,standard,27,200,1.90759066866197e-18,0.0,0.0,0.035
prop_0.3,standard,28,200,-3.805656166925492e-17,0.0,0.0,0.08
prop_0.3,standard,29,200,-4.213130771631664e-18,0.0,0.0,0.04
prop_0.3,standard,30,200,2.6003201537299967e-18,0.0,0.0,0.045
prop_0.3,standard,31,200,1.3101973801575321e-17,0.0,0.0,0.015
prop_0.3,standard,32,200,5.308986980532077e-18,0.0,0.0,0.055
prop_0.3,standard,33,200,-4.672618265977254e-18,0.0,0.0,0.05
prop_0.3,standard,34,200,-4.67261826597725e-18,0.0,0.0,0.035
prop_0.3,standard,35,200,6.247818598351417e-19,0.0,0.0,0.05
prop_0.3,standard,36,200,1.1206711627488345e-18,0.0,0.0,0.02
prop_0.3,standard,37,200,-5.470901568820751e-18,0.0,0.0,0.03
prop_0.3,standard,38,200,-1.1266640566672771e-18,0.0,0.0,0.025
prop_0.3,standard,39,200,2.4316540391735e-18,0.0,0.0,0.055
prop_0.3,standard,40,200,1.203036655619555e-17,0.0,0.0,0.035
prop_0.3,standard,41,200,-1.4365299741745304e-17,0.0,0.0,0.05
prop_0.3,standard,42,200,9.081937443962935e-18,0.0,0.0,0.025
prop_0.3,standard,43,200,-1.1266640566672773e-18,0.0,0.0,0.055
prop_0.3,standard,44,200,-4.604119609164747e-17,0.0,0.0,0.05
prop_0.3,standard,45,200,-3.8056561669254906e-17,0.0,0.0,0.045
prop_0.3,standard,46,200,-2.8308700197840037e-18,0.0,0.0,0.07
prop_0.3,standard,47,200,-1.8198062511265235e-17,0.0,0.0,0.04
prop_0.3,standard,48,200,1.164878238613884e-17,0.0,0.0,0.02
prop_0.3,standard,49,200,-4.21313077163166e-18,0.0,0.0,0.065
prop_0.3,standard,50,200,-4.904261147555495e-18,0.0,0.0,0.05
prop_0.3,standard,51,200,-4.672618265977254e-18,0.0,0.0,0.06
prop_0.3,standard,52,200,-4.123111015888759e-18,0.0,0.0,0.035
prop_0.3,standard,53,200,-3.805656166925492e-17,0.0,0.0,0.055
prop_0.3,standard,54,200,-1.1342020171206117e-17,0.0,0.0,0.05
prop_0.3,standard,55,200,-4.672618265977256e-18,0.0,0.0,0.03
prop_0.3,standard,56,200,4.090086908471136e-18,0.0,0.0,0.035
prop_0.3,standard,57,200,1.6734952340166524e-17,0.0,0.0,0.025
prop_0.3,standard,58,200,-1.4486092679363476e-18,0.0,0.0,0.025
prop_0.3,standard,59,200,4.0900869084711374e-18,0.0,0.0,0.025
prop_0.3,standard,60,200,-8.512174819108774e-18,0.0,0.0,0.05
prop_0.3,standard,61,200,-4.672618265977254e-18,0.0,0.0,0.045
prop_0.3,standard,62,200,1.9075906686619696e-18,0.0,0.0,0.035
prop_0.3,standard,63,200,1.1206711627488349e-18,0.0,0.0,0.035
prop_0.3,standard,64,200,-4.672618265977255e-18,0.0,0.0,0.015
prop_0.3,standard,65,200,8.742399555265877e-18,0.0,0.0,0.085
prop_0.3,standard,66,200,-4.672618265977254e-18,0.0,0.0,0.045
prop_0.3,standard,67,200,4.866229861775687e-18,0.0,0.0,0.035
prop_0.3,standard,68,200,-6.0822086754558344e-18,0.0,0.0,0.035
prop_0.3,standard,69,200,-3.8056561669254924e-17,0.0,0.0,0.04
prop_0.3,standard,70,200,1.1206711627488341e-18,0.0,0.0,0.045
prop_0.3,standard,71,200,-5.595391523479321e-18,0.0,0.0,0.045
prop_0.3,standard,72,200,-7.097252143060113e-18,0.0,0.0,0.085
prop_0.3,standard,73,200,-4.672618265977252e-18,0.0,0.0,0.075
prop_0.3,standard,74,200,1.90759066866197e-18,0.0,0.0,0.105
prop_0.3,standard,75,200,-1.8198062511265232e-17,0.0,0.0,0.025
prop_0.3,standard,76,200,6.121587028572699e-18,0.0,0.0,0.055
prop_0.3,standard,77,200,-5.595391523479321e-18,0.0,0.0,0.035
prop_0.3,standard,78,200,1.9075906686619704e-18,0.0,0.0,0.09
prop_0.3,standard,79,200,-4.60411960916475e-17,0.0,0.0,0.085
prop_0.3,standard,80,200,-2.8308700197840064e-18,0.0,0.0,0.035
prop_0.3,standard,81,200,1.90759066866197e-18,0.0,0.0,0.04
prop_0.3,standard,82,200,9.507420562075294e-18,0.0,0.0,0.035
prop_0.3,standard,83,200,1.2375378093857082e-17,0.0,0.0,0.065
prop_0.3,standard,84,200,-1.618611530161734e-17,0.0,0.0,0.05
prop_0.3,standard,85,200,-5.682329467011447e-18,0.0,0.0,0.04
prop_0.3,standard,86,200,1.9075906686619704e-18,0.0,0.0,0.05
prop_0.3,standard,87,200,-9.927097495157444e-18,0.0,0.0,0.05
prop_0.3,standard,88,200,-6.237367060033787e-18,0.0,0.0,0.06
prop_0.3,standard,89,200,-5.47090156882075e-18,0.0,0.0,0.055
prop_0.3,standard,90,200,1.3101973801575322e-17,0.0,0.0,0.035
prop_0.3,standard,91,200,9.081937443962942e-18,0.0,0.0,0.055
prop_0.3,standard,92,200,-1.4486092679363453e-18,0.0,0.0,0.03
prop_0.3,standard,93,200,-4.604119609164748e-17,0.0,0.0,0.065
prop_0.3,standard,94,200,-5.47090156882075e-18,0.0,0.0,0.04
prop_0.3,standard,95,200,-2.830870019784006e-18,0.0,0.0,0.07
prop_0.3,standard,96,200,-5.4709015688207515e-18,0.0,0.0,0.05
prop_0.3,standard,97,200,-1.4486092679363459e-18,0.0,0.0,0.055
prop_0.3,standard,98,200,-8.0682359980536555e-19,0.0,0.0,0.025
prop_0.3,standard,99,200,7.191472702131565e-20,0.0,0.0,0.015
prop_0.3,standard,100,200,4.0900869084711374e-18,0.0,0.0,0.065
prop_0.4,standard,1,200,-4.6041196091647493e-17,0.0,0.0,0.015
prop_0.4,standard,2,200,-1.4425661493175427e-17,0.0,0.0,0.06
prop_0.4,standard,3,200,-4.381057834964061e-18,0.0,0.0,0.075
prop_0.4,standard,4,200,-1.436529974174531e-17,0.0,0.0,0.1
prop_0.4,standard,5,200,-4.60411960916475e-17,0.0,0.0,0.045
prop_0.4,standard,6,200,-3.8056561669254906e-17,0.0,0.0,0.045
prop_0.4,standard,7,200,-3.8056561669254906e-17,0.0,0.0,0.035
prop_0.4,standard,8,200,7.47592044197374e-18,0.0,0.0,0.035
prop_0.4,standard,9,200,7.413815339882513e-18,0.0,0.0,0.055
prop_0.4,standard,10,200,-1.3168194487145486e-17,0.0,0.0,0.04
prop_0.4,standard,11,200,2.4316540391735002e-18,0.0,0.0,0.045
prop_0.4,standard,12,200,-1.4365299741745307e-17,0.0,0.0,0.05
prop_0.4,standard,13,200,-7.413815339882513e-18,0.0,0.0,0.07
prop_0.4,standard,14,200,2.2385405101939716e-17,0.0,0.0,0.04
prop_0.4,standard,15,200,-4.604119609164751e-17,0.0,0.0,0.055
prop_0.4,standard,16,200,0.0,0.0,0.0,0.08
prop_0.4,standard,17,200,1.9075906686619696e-18,0.0,0.0,0.055
prop_0.4,standard,18,200,-5.631359728504027e-18,0.0,0.0,0.07
prop_0.4,standard,19,200,-3.805656166925492e-17,0.0,0.0,0.07
prop_0.4,standard,20,200,9.081937443962944e-18,0.0,0.0,0.04
prop_0.4,standard,21,200,-5.631359728504027e-18,0.0,0.0,0.03
prop_0.4,standard,22,200,-3.805656166925489e-17,0.0,0.0,0.015
prop_0.4,standard,23,200,-7.413815339882515e-18,0.0,0.0,0.035
prop_0.4,standard,24,200,9.08193744396294e-18,0.0,0.0,0.035
prop_0.4,standard,25,200,-4.672618265977252e-18,0.0,0.0,0.025
prop_0.4,standard,26,200,-1.3671181289557469e-17,0.0,0.0,0.045
prop_0.4,standard,27,200,-5.6313597285040295e-18,0.0,0.0,0.05
prop_0.4,standard,28,200,0.0,0.0,0.0,0.08
prop_0.4,standard,29,200,-3.8056561669254906e-17,0.0,0.0,0.05
prop_0.4,standard,30,200,-4.6041196091647456e-17,0.0,0.0,0.045
prop_0.4,standard,31,200,-6.881661622043998e-18,0.0,0.0,0.03
prop_0.4,standard,32,200,-1.7443582307647277e-17,0.0,0.0,0.06
prop_0.4,standard,33,200,-4.6041196091647475e-17,0.0,0.0,0.05
prop_0.4,standard,34,200,-5.631359728504026e-18,0.0,0.0,0.045
prop_0.4,standard,35,200,-4.604119609164749e-17,0.0,0.0,0.06
prop_0.4,standard,36,200,3.4129202017706184e-18,0.0,0.0,0.025
prop_0.4,standard,37,200,-4.604119609164749e-17,0.0,0.0,0.03
prop_0.4,standard,38,200,-4.672618265977254e-18,0.0,0.0,0.03
prop_0.4,standard,39,200,-1.4928648295587405e-17,0.0,0.0,0.055
prop_0.4,standard,40,200,-2.1397396438601766e-18,0.0,0.0,0.045
prop_0.4,standard,41,200,0.0,0.0,0.0,0.05
prop_0.4,standard,42,200,-7.413815339882513e-18,0.0,0.0,0.03
prop_0.4,standard,43,200,1.0195590970702356e-17,0.0,0.0,0.055
prop_0.4,standard,44,200,-1.4365299741745304e-17,0.0,0.0,0.05
prop_0.4,standard,45,200,-7.413815339882513e-18,0.0,0.0,0.045
prop_0.4,standard,46,200,-3.8056561669254924e-17,0.0,0.0,0.085
prop_0.4,standard,47,200,1.486340306150069e-17,0.0,0.0,0.045
prop_0.4,standard,48,200,9.081937443962941e-18,0.0,0.0,0.025
prop_0.4,standard,49,200,-3.805656166925492e-17,0.0,0.0,0.065
prop_0.4,standard,50,200,1.9075906686619696e-18,0.0,0.0,0.06
prop_0.4,standard,51,200,9.081937443962941e-18,0.0,0.0,0.065
prop_0.4,standard,52,200,-4.672618265977253e-18,0.0,0.0,0.045
prop_0.4,standard,53,200,2.2385405101939706e-17,0.0,0.0,0.075
prop_0.4,standard,54,200,-4.60411960916475e-17,0.0,0.0,0.065
prop_0.4,standard,55,200,1.9075906686619696e-18,0.0,0.0,0.03
prop_0.4,standard,56,200,-1.4425661493175427e-17,0.0,0.0,0.045
prop_0.4,standard,57,200,-1.2413714283527528e-17,0.0,0.0,0.035
prop_0.4,standard,58,200,1.90759066866197e-18,0.0,0.0,0.025
prop_0.4,standard,59,200,-4.60411960916475e-17,0.0,0.0,0.025
prop_0.4,standard,60,200,1.9075906686619696e-18,0.0,0.0,0.05
prop_0.4,standard,61,200,1.4863403061500688e-17,0.0,0.0,0.06
prop_0.4,standard,62,200,0.0,0.0,0.0,0.045
prop_0.4,standard,63,200,-1.0634558833181776e-17,0.0,0.0,0.035
prop_0.4,standard,64,200,-4.6041196091647493e-17,0.0,0.0,0.02
prop_0.4,standard,65,200,-4.672618265977252e-18,0.0,0.0,0.09
prop_0.4,standard,66,200,-1.4365299741745304e-17,0.0,0.0,0.055
prop_0.4,standard,67,200,6.798753735273217e-18,0.0,0.0,0.04
prop_0.4,standard,68,200,2.4316540391735e-18,0.0,0.0,0.035
prop_0.4,standard,69,200,-8.632084272999957e-18,0.0,0.0,0.04
prop_0.4,standard,70,200,5.308986980532078e-18,0.0,0.0,0.05
prop_0.4,standard,71,200,-3.805656166925489e-17,0.0,0.0,0.05
prop_0.4,standard,72,200,-4.672618265977254e-18,0.0,0.0,0.085
prop_0.4,standard,73,200,-4.604119609164748e-17,0.0,0.0,0.075
prop_0.4,standard,74,200,-1.43652997417453e-17,0.0,0.0,0.12
prop_0.4,standard,75,200,-7.413815339882513e-18,0.0,0.0,0.035
prop_0.4,standard,76,200,9.08193744396294e-18,0.0,0.0,0.06
prop_0.4,standard,77,200,1.90759066866197e-18,0.0,0.0,0.035
prop_0.4,standard,78,200,-4.6041196091647493e-17,0.0,0.0,0.095
prop_0.4,standard,79,200,-1.436529974174531e-17,0.0,0.0,0.095
prop_0.4,standard,80,200,-1.4928648295587405e-17,0.0,0.0,0.055
prop_0.4,standard,81,200,-4.604119609164749e-17,0.0,0.0,0.045
prop_0.4,standard,82,200,9.081937443962935e-18,0.0,0.0,0.04
prop_0.4,standard,83,200,1.9075906686619704e-18,0.0,0.0,0.08
prop_0.4,standard,84,200,-7.413815339882513e-18,0.0,0.0,0.06
prop_0.4,standard,85,200,9.081937443962935e-18,0.0,0.0,0.055
prop_0.4,standard,86,200,-8.131963515583971e-18,0.0,0.0,0.06
prop_0.4,standard,87,200,-4.672618265977252e-18,0.0,0.0,0.05
prop_0.4,standard,88,200,-3.8056561669254906e-17,0.0,0.0,0.085
prop_0.4,standard,89,200,-4.604119609164747e-17,0.0,0.0,0.055
prop_0.4,standard,90,200,-4.60411960916475e-17,0.0,0.0,0.06
prop_0.4,standard,91,200,-1.1156247277497594e-17,0.0,0.0,0.065
prop_0.4,standard,92,200,9.081937443962938e-18,0.0,0.0,0.03
prop_0.4,standard,93,200,-7.413815339882513e-18,0.0,0.0,0.08
prop_0.4,standard,94,200,9.08193744396294e-18,0.0,0.0,0.045
prop_0.4,standard,95,200,9.08193744396295e-18,0.0,0.0,0.08
prop_0.4,standard,96,200,-3.6308766988400775e-18,0.0,0.0,0.055
prop_0.4,standard,97,200,-1.3168194487145492e-17,0.0,0.0,0.065
prop_0.4,standard,98,200,4.866229861775689e-18,0.0,0.0,0.025
prop_0.4,standard,99,200,2.4316540391735002e-18,0.0,0.0,0.02
prop_0.4,standard,100,200,-1.1910727481115553e-17,0.0,0.0,0.07
prop_0.5,standard,1,200,2.238540510193972e-17,0.0,0.0,0.025
prop_0.5,standard,2,200,7.413815339882513e-18,0.0,0.0,0.08
prop_0.5,standard,3,200,7.413815339882513e-18,0.0,0.0,0.075
prop_0.5,standard,4,200,2.238540510193969e-17,0.0,0.0,0.105
prop_0.5,standard,5,200,-7.413815339882513e-18,0.0,0.0,0.055
prop_0.5,standard,6,200,-7.413815339882513e-18,0.0,0.0,0.06
prop_0.5,standard,7,200,1.486340306150069e-17,0.0,0.0,0.035
prop_0.5,standard,8,200,1.9075906686619696e-18,0.0,0.0,0.05
prop_0.5,standard,9,200,3.0269745769152626e-17,0.0,0.0,0.06
prop_0.5,standard,10,200,0.0,0.0,0.0,0.04
prop_0.5,standard,11,200,-6.1314804859200165e-18,0.0,0.0,0.055
prop_0.5,standard,12,200,7.413815339882512e-18,0.0,0.0,0.06
prop_0.5,standard,13,200,4.604119609164748e-17,0.0,0.0,0.09
prop_0.5,standard,14,200,-9.081937443962942e-18,0.0,0.0,0.04
prop_0.5,standard,15,200,-1.4863403061500703e-17,0.0,0.0,0.06
prop_0.5,standard,16,200,2.2385405101939716e-17,0.0,0.0,0.08
prop_0.5,standard,17,200,-7.413815339882513e-18,0.0,0.0,0.06
prop_0.5,standard,18,200,7.413815339882513e-18,0.0,0.0,0.07
prop_0.5,standard,19,200,1.4863403061500694e-17,0.0,0.0,0.09
prop_0.5,standard,20,200,-1.3168194487145494e-17,0.0,0.0,0.04
prop_0.5,standard,21,200,-7.413815339882512e-18,0.0,0.0,0.035
prop_0.5,standard,22,200,7.413815339882513e-18,0.0,0.0,0.025
prop_0.5,standard,23,200,7.413815339882512e-18,0.0,0.0,0.035
prop_0.5,standard,24,200,-7.413815339882512e-18,0.0,0.0,0.035
prop_0.5,standard,25,200,-1.4365299741745304e-17,0.0,0.0,0.035
prop_0.5,standard,26,200,7.413815339882513e-18,0.0,0.0,0.06
prop_0.5,standard,27,200,-1.4365299741745304e-17,0.0,0.0,0.05
prop_0.5,standard,28,200,3.026974576915262e-17,0.0,0.0,0.085
prop_0.5,standard,29,200,0.0,0.0,0.0,0.05
prop_0.5,standard,30,200,-1.486340306150069e-17,0.0,0.0,0.045
prop_0.5,standard,31,200,1.4863403061500685e-17,0.0,0.0,0.05
prop_0.5,standard,32,200,1.4863403061500703e-17,0.0,0.0,0.065
prop_0.5,standard,33,200,1.4863403061500706e-17,0.0,0.0,0.065
prop_0.5,standard,34,200,2.2385405101939694e-17,0.0,0.0,0.055
prop_0.5,standard,35,200,-1.4365299741745304e-17,0.0,0.0,0.07
prop_0.5,standard,36,200,-3.8056561669254906e-17,0.0,0.0,0.03
prop_0.5,standard,37,200,-1.4863403061500688e-17,0.0,0.0,0.04
prop_0.5,standard,38,200,-1.4365299741745307e-17,0.0,0.0,0.035
prop_0.5,standard,39,200,2.238540510193971e-17,0.0,0.0,0.065
prop_0.5,standard,40,200,9.081937443962935e-18,0.0,0.0,0.055
prop_0.5,standard,41,200,3.8056561669254906e-17,0.0,0.0,0.055
prop_0.5,standard,42,200,0.0,0.0,0.0,0.03
prop_0.5,standard,43,200,-1.4425661493175424e-17,0.0,0.0,0.075
prop_0.5,standard,44,200,1.4863403061500694e-17,0.0,0.0,0.07
prop_0.5,standard,45,200,3.80565616692549e-17,0.0,0.0,0.06
prop_0.5,standard,46,200,-7.413815339882512e-18,0.0,0.0,0.1
prop_0.5,standard,47,200,4.6041196091647475e-17,0.0,0.0,0.05
prop_0.5,standard,48,200,-1.4365299741745313e-17,0.0,0.0,0.03
prop_0.5,standard,49,200,3.0269745769152626e-17,0.0,0.0,0.065
prop_0.5,standard,50,200,-1.4365299741745304e-17,0.0,0.0,0.075
prop_0.5,standard,51,200,-1.43652997417453e-17,0.0,0.0,0.065
prop_0.5,standard,52,200,-5.6313597285040295e-18,0.0,0.0,0.05
prop_0.5,standard,53,200,-9.08193744396294e-18,0.0,0.0,0.085
prop_0.5,standard,54,200,-5.6313597285040295e-18,0.0,0.0,0.065
prop_0.5,standard,55,200,-7.413815339882513e-18,0.0,0.0,0.05
prop_0.5,standard,56,200,3.026974576915262e-17,0.0,0.0,0.065
prop_0.5,standard,57,200,7.413815339882513e-18,0.0,0.0,0.05
prop_0.5,standard,58,200,-5.631359728504033e-18,0.0,0.0,0.05
prop_0.5,standard,59,200,-1.0632567302663913e-17,0.0,0.0,0.035
prop_0.5,standard,60,200,7.413815339882513e-18,0.0,0.0,0.05
prop_0.5,standard,61,200,-9.08193744396294e-18,0.0,0.0,0.075
prop_0.5,standard,62,200,2.23854051019397e-17,0.0,0.0,0.045
prop_0.5,standard,63,200,-4.60411960916475e-17,0.0,0.0,0.04
prop_0.5,standard,64,200,7.413815339882513e-18,0.0,0.0,0.025
prop_0.5,standard,65,200,-3.1307559414240886e-18,0.0,0.0,0.11
prop_0.5,standard,66,200,0.0,0.0,0.0,0.055
prop_0.5,standard,67,200,-4.604119609164748e-17,0.0,0.0,0.045
prop_0.5,standard,68,200,0.0,0.0,0.0,0.065
prop_0.5,standard,69,200,-1.3835272981504393e-18,0.0,0.0,0.055
prop_0.5,standard,70,200,9.081937443962949e-18,0.0,0.0,0.055
prop_0.5,standard,71,200,3.0269745769152614e-17,0.0,0.0,0.07
prop_0.5,standard,72,200,-5.6313597285040295e-18,0.0,0.0,0.085
prop_0.5,standard,73,200,-1.367118128955747e-17,0.0,0.0,0.085
prop_0.5,standard,74,200,-9.081937443962944e-18,0.0,0.0,0.145
prop_0.5,standard,75,200,7.413815339882513e-18,0.0,0.0,0.035
prop_0.5,standard,76,200,-7.413815339882515e-18,0.0,0.0,0.07
prop_0.5,standard,77,200,9.081937443962941e-18,0.0,0.0,0.045
prop_0.5,standard,78,200,3.0269745769152626e-17,0.0,0.0,0.11
prop_0.5,standard,79,200,3.0269745769152614e-17,0.0,0.0,0.105
prop_0.5,standard,80,200,2.238540510193971e-17,0.0,0.0,0.08
prop_0.5,standard,81,200,-3.805656166925492e-17,0.0,0.0,0.045
prop_0.5,standard,82,200,-1.4365299741745313e-17,0.0,0.0,0.04
prop_0.5,standard,83,200,-7.413815339882513e-18,0.0,0.0,0.09
prop_0.5,standard,84,200,2.2385405101939728e-17,0.0,0.0,0.075
prop_0.5,standard,85,200,-1.4863403061500694e-17,0.0,0.0,0.055
prop_0.5,standard,86,200,-1.4365299741745307e-17,0.0,0.0,0.08
prop_0.5,standard,87,200,-7.413815339882513e-18,0.0,0.0,0.075
prop_0.5,standard,88,200,-1.4365299741745307e-17,0.0,0.0,0.09
prop_0.5,standard,89,200,-7.413815339882513e-18,0.0,0.0,0.06
prop_0.5,standard,90,200,-3.130755941424087e-18,0.0,0.0,0.06
prop_0.5,standard,91,200,3.026974576915262e-17,0.0,0.0,0.09
prop_0.5,standard,92,200,-7.413815339882515e-18,0.0,0.0,0.03
prop_0.5,standard,93,200,1.4863403061500694e-17,0.0,0.0,0.09
prop_0.5,standard,94,200,0.0,0.0,0.0,0.065
prop_0.5,standard,95,200,-1.486340306150069e-17,0.0,0.0,0.095
prop_0.5,standard,96,200,7.413815339882513e-18,0.0,0.0,0.06
prop_0.5,standard,97,200,-7.413815339882513e-18,0.0,0.0,0.065
prop_0.5,standard,98,200,1.9075906686619704e-18,0.0,0.0,0.04
prop_0.5,standard,99,200,2.238540510193971e-17,0.0,0.0,0.025
prop_0.5,standard,100,200,-9.08193744396294e-18,0.0,0.0,0.08
prop_0.6,standard,1,200,4.6041196091647493e-17,0.0,0.0,0.04
prop_0.6,standard,2,200,3.026974576915262e-17,0.0,0.0,0.045
prop_0.6,standard,3,200,2.238540510193969e-17,0.0,0.0,0.035
prop_0.6,standard,4,200,1.4863403061500694e-17,0.0,0.0,0.065
prop_0.6,standard,5,200,4.60411960916475e-17,0.0,0.0,0.09
prop_0.6,standard,6,200,3.8056561669254906e-17,0.0,0.0,0.075
prop_0.6,standard,7,200,3.8056561669254906e-17,0.0,0.0,0.035
prop_0.6,standard,8,200,-7.340487100633635e-18,0.0,0.0,0.08
prop_0.6,standard,9,200,-7.413815339882513e-18,0.0,0.0,0.08
prop_0.6,standard,10,200,3.0269745769152614e-17,0.0,0.0,0.035
prop_0.6,standard,11,200,-1.3835272981504393e-18,0.0,0.0,0.06
prop_0.6,standard,12,200,1.486340306150069e-17,0.0,0.0,0.065
prop_0.6,standard,13,200,7.413815339882513e-18,0.0,0.0,0.065
prop_0.6,standard,14,200,-5.631359728504027e-18,0.0,0.0,0.05
prop_0.6,standard,15,200,4.604119609164751e-17,0.0,0.0,0.11
prop_0.6,standard,16,200,0.0,0.0,0.0,0.07
prop_0.6,standard,17,200,-1.3835272981504393e-18,0.0,0.0,0.05
prop_0.6,standard,18,200,2.2385405101939716e-17,0.0,0.0,0.06
prop_0.6,standard,19,200,3.805656166925492e-17,0.0,0.0,0.075
prop_0.6,standard,20,200,-9.081937443962944e-18,0.0,0.0,0.06
prop_0.6,standard,21,200,2.238540510193972e-17,0.0,0.0,0.025
prop_0.6,standard,22,200,3.805656166925489e-17,0.0,0.0,0.035
prop_0.6,standard,23,200,7.413815339882515e-18,0.0,0.0,0.02
prop_0.6,standard,24,200,-9.08193744396294e-18,0.0,0.0,0.05
prop_0.6,standard,25,200,6.535279305945406e-18,0.0,0.0,0.075
prop_0.6,standard,26,200,3.0269745769152626e-17,0.0,0.0,0.07
prop_0.6,standard,27,200,2.2385405101939706e-17,0.0,0.0,0.065
prop_0.6,standard,28,200,0.0,0.0,0.0,0.025
prop_0.6,standard,29,200,3.8056561669254906e-17,0.0,0.0,0.075
prop_0.6,standard,30,200,4.6041196091647456e-17,0.0,0.0,0.05
prop_0.6,standard,31,200,2.2385405101939706e-17,0.0,0.0,0.055
prop_0.6,standard,32,200,3.0269745769152626e-17,0.0,0.0,0.075
prop_0.6,standard,33,200,4.6041196091647475e-17,0.0,0.0,0.09
prop_0.6,standard,34,200,2.2385405101939728e-17,0.0,0.0,0.05
prop_0.6,standard,35,200,4.604119609164749e-17,0.0,0.0,0.12
prop_0.6,standard,36,200,-3.2774868604305142e-18,0.0,0.0,0.105
prop_0.6,standard,37,200,4.604119609164749e-17,0.0,0.0,0.065
prop_0.6,standard,38,200,6.535279305945408e-18,0.0,0.0,0.05
prop_0.6,standard,39,200,3.0269745769152626e-17,0.0,0.0,0.05
prop_0.6,standard,40,200,2.1397396438601766e-18,0.0,0.0,0.075
prop_0.6,standard,41,200,0.0,0.0,0.0,0.07
prop_0.6,standard,42,200,7.413815339882513e-18,0.0,0.0,0.04
prop_0.6,standard,43,200,-1.0195590970702356e-17,0.0,0.0,0.09
prop_0.6,standard,44,200,1.4863403061500688e-17,0.0,0.0,0.085
prop_0.6,standard,45,200,7.413815339882513e-18,0.0,0.0,0.06
prop_0.6,standard,46,200,3.8056561669254924e-17,0.0,0.0,0.09
prop_0.6,standard,47,200,-1.486340306150069e-17,0.0,0.0,0.05
prop_0.6,standard,48,200,-9.081937443962941e-18,0.0,0.0,0.075
prop_0.6,standard,49,200,3.805656166925492e-17,0.0,0.0,0.065
prop_0.6,standard,50,200,-1.3835272981504393e-18,0.0,0.0,0.085
prop_0.6,standard,51,200,-9.081937443962941e-18,0.0,0.0,0.06
prop_0.6,standard,52,200,6.535279305945406e-18,0.0,0.0,0.08
prop_0.6,standard,53,200,-5.63135972850403e-18,0.0,0.0,0.08
prop_0.6,standard,54,200,4.60411960916475e-17,0.0,0.0,0.06
prop_0.6,standard,55,200,-1.3835272981504393e-18,0.0,0.0,0.105
prop_0.6,standard,56,200,3.026974576915262e-17,0.0,0.0,0.115
prop_0.6,standard,57,200,3.0269745769152626e-17,0.0,0.0,0.075
prop_0.6,standard,58,200,-1.3835272981504393e-18,0.0,0.0,0.065
prop_0.6,standard,59,200,4.60411960916475e-17,0.0,0.0,0.04
prop_0.6,standard,60,200,-1.3835272981504393e-18,0.0,0.0,0.06
prop_0.6,standard,61,200,-1.43652997417453e-17,0.0,0.0,0.04
prop_0.6,standard,62,200,0.0,0.0,0.0,0.055
prop_0.6,standard,63,200,1.0634558833181776e-17,0.0,0.0,0.08
prop_0.6,standard,64,200,4.6041196091647493e-17,0.0,0.0,0.075
prop_0.6,standard,65,200,6.535279305945406e-18,0.0,0.0,0.125
prop_0.6,standard,66,200,1.486340306150069e-17,0.0,0.0,0.045
prop_0.6,standard,67,200,-6.6633203939331144e-18,0.0,0.0,0.1
prop_0.6,standard,68,200,-1.3835272981504393e-18,0.0,0.0,0.08
prop_0.6,standard,69,200,2.238540510193972e-17,0.0,0.0,0.04
prop_0.6,standard,70,200,-5.308986980532078e-18,0.0,0.0,0.1
prop_0.6,standard,71,200,3.805656166925489e-17,0.0,0.0,0.08
prop_0.6,standard,72,200,6.5352793059454075e-18,0.0,0.0,0.12
prop_0.6,standard,73,200,4.604119609164748e-17,0.0,0.0,0.09
prop_0.6,standard,74,200,1.4863403061500688e-17,0.0,0.0,0.065
prop_0.6,standard,75,200,7.413815339882513e-18,0.0,0.0,0.08
prop_0.6,standard,76,200,-9.08193744396294e-18,0.0,0.0,0.06
prop_0.6,standard,77,200,-1.3835272981504393e-18,0.0,0.0,0.045
prop_0.6,standard,78,200,4.6041196091647493e-17,0.0,0.0,0.09
prop_0.6,standard,79,200,1.4863403061500694e-17,0.0,0.0,0.06
prop_0.6,standard,80,200,3.026974576915263e-17,0.0,0.0,0.11
prop_0.6,standard,81,200,4.604119609164749e-17,0.0,0.0,0.07
prop_0.6,standard,82,200,-9.081937443962935e-18,0.0,0.0,0.06
prop_0.6,standard,83,200,-1.3835272981504395e-18,0.0,0.0,0.09
prop_0.6,standard,84,200,7.413815339882513e-18,0.0,0.0,0.055
prop_0.6,standard,85,200,-9.081937443962935e-18,0.0,0.0,0.105
prop_0.6,standard,86,200,2.238540510193971e-17,0.0,0.0,0.085
prop_0.6,standard,87,200,6.535279305945406e-18,0.0,0.0,0.075
prop_0.6,standard,88,200,3.8056561669254906e-17,0.0,0.0,0.05
prop_0.6,standard,89,200,4.604119609164747e-17,0.0,0.0,0.11
prop_0.6,standard,90,200,4.60411960916475e-17,0.0,0.0,0.06
prop_0.6,standard,91,200,3.0269745769152626e-17,0.0,0.0,0.11
prop_0.6,standard,92,200,-9.081937443962938e-18,0.0,0.0,0.06
prop_0.6,standard,93,200,7.413815339882513e-18,0.0,0.0,0.09
prop_0.6,standard,94,200,-9.08193744396294e-18,0.0,0.0,0.055
prop_0.6,standard,95,200,-9.08193744396295e-18,0.0,0.0,0.13
prop_0.6,standard,96,200,2.23854051019397e-17,0.0,0.0,0.075
prop_0.6,standard,97,200,3.0269745769152626e-17,0.0,0.0,0.085
prop_0.6,standard,98,200,-4.566585165853543e-18,0.0,0.0,0.05
prop_0.6,standard,99,200,-1.3835272981504395e-18,0.0,0.0,0.055
prop_0.6,standard,100,200,3.026974576915262e-17,0.0,0.0,0.075
prop_0.7,standard,1,200,6.535279305945407e-18,0.0,0.0,0.04
prop_0.7,standard,2,200,-2.3192499464374294e-18,0.0,0.0,0.07
prop_0.7,standard,3,200,6.53527930594541e-18,0.0,0.0,0.055
prop_0.7,standard,4,200,-1.3835272981504393e-18,0.0,0.0,0.085
prop_0.7,standard,5,200,-5.308986980532073e-18,0.0,0.0,0.09
prop_0.7,standard,6,200,6.535279305945409e-18,0.0,0.0,0.075
prop_0.7,standard,7,200,2.830870019784007e-18,0.0,0.0,0.04
prop_0.7,standard,8,200,-5.315696905658917e-18,0.0,0.0,0.08
prop_0.7,standard,9,200,1.4863403061500706e-17,0.0,0.0,0.085
prop_0.7,standard,10,200,-5.308986980532069e-18,0.0,0.0,0.045
prop_0.7,standard,11,200,-3.0683616862428006e-18,0.0,0.0,0.065
prop_0.7,standard,12,200,-1.3835272981504393e-18,0.0,0.0,0.07
prop_0.7,standard,13,200,3.026974576915262e-17,0.0,0.0,0.07
prop_0.7,standard,14,200,3.8056561669254906e-17,0.0,0.0,0.05
prop_0.7,standard,15,200,6.535279305945402e-18,0.0,0.0,0.11
prop_0.7,standard,16,200,-5.308986980532074e-18,0.0,0.0,0.08
prop_0.7,standard,17,200,-7.53120260339695e-18,0.0,0.0,0.055
prop_0.7,standard,18,200,1.0834667307208322e-19,0.0,0.0,0.065
prop_0.7,standard,19,200,-5.308986980532074e-18,0.0,0.0,0.095
prop_0.7,standard,20,200,-1.680365304979252e-17,0.0,0.0,0.075
prop_0.7,standard,21,200,9.219636157133117e-18,0.0,0.0,0.035
prop_0.7,standard,22,200,6.634851608868769e-20,0.0,0.0,0.035
prop_0.7,standard,23,200,-4.6318202738315565e-18,0.0,0.0,0.035
prop_0.7,standard,24,200,6.535279305945406e-18,0.0,0.0,0.06
prop_0.7,standard,25,200,-7.191472702131566e-20,0.0,0.0,0.075
prop_0.7,standard,26,200,-5.308986980532073e-18,0.0,0.0,0.075
prop_0.7,standard,27,200,-1.3835272981504395e-18,0.0,0.0,0.08
prop_0.7,standard,28,200,3.805656166925492e-17,0.0,0.0,0.025
prop_0.7,standard,29,200,4.213130771631664e-18,0.0,0.0,0.085
prop_0.7,standard,30,200,-2.6003201537299967e-18,0.0,0.0,0.05
prop_0.7,standard,31,200,-1.3101973801575321e-17,0.0,0.0,0.07
prop_0.7,standard,32,200,-5.308986980532077e-18,0.0,0.0,0.08
prop_0.7,standard,33,200,6.535279305945408e-18,0.0,0.0,0.09
prop_0.7,standard,34,200,6.535279305945402e-18,0.0,0.0,0.06
prop_0.7,standard,35,200,-6.247818598351417e-19,0.0,0.0,0.13
prop_0.7,standard,36,200,-8.210264668266871e-19,0.0,0.0,0.11
prop_0.7,standard,37,200,6.53527930594541e-18,0.0,0.0,0.065
prop_0.7,standard,38,200,1.4263087525894275e-18,0.0,0.0,0.055
prop_0.7,standard,39,200,-1.3835272981504395e-18,0.0,0.0,0.05
prop_0.7,standard,40,200,-1.203036655619555e-17,0.0,0.0,0.085
prop_0.7,standard,41,200,1.4863403061500688e-17,0.0,0.0,0.07
prop_0.7,standard,42,200,-9.081937443962935e-18,0.0,0.0,0.045
prop_0.7,standard,43,200,1.4263087525894261e-18,0.0,0.0,0.09
prop_0.7,standard,44,200,4.604119609164747e-17,0.0,0.0,0.085
prop_0.7,standard,45,200,3.8056561669254906e-17,0.0,0.0,0.06
prop_0.7,standard,46,200,2.8308700197840037e-18,0.0,0.0,0.105
prop_0.7,standard,47,200,3.026974576915262e-17,0.0,0.0,0.055
prop_0.7,standard,48,200,-1.164878238613884e-17,0.0,0.0,0.08
prop_0.7,standard,49,200,4.21313077163166e-18,0.0,0.0,0.065
prop_0.7,standard,50,200,4.904261147555495e-18,0.0,0.0,0.095
prop_0.7,standard,51,200,6.535279305945408e-18,0.0,0.0,0.065
prop_0.7,standard,52,200,4.422755711810911e-18,0.0,0.0,0.09
prop_0.7,standard,53,200,3.805656166925492e-17,0.0,0.0,0.1
prop_0.7,standard,54,200,1.1342020171206117e-17,0.0,0.0,0.075
prop_0.7,standard,55,200,6.535279305945412e-18,0.0,0.0,0.105
prop_0.7,standard,56,200,-3.954653567131031e-18,0.0,0.0,0.125
prop_0.7,standard,57,200,-1.6734952340166524e-17,0.0,0.0,0.085
prop_0.7,standard,58,200,1.4486092679363476e-18,0.0,0.0,0.065
prop_0.7,standard,59,200,-3.954653567131034e-18,0.0,0.0,0.04
prop_0.7,standard,60,200,8.512174819108774e-18,0.0,0.0,0.06
prop_0.7,standard,61,200,6.5352793059454075e-18,0.0,0.0,0.055
prop_0.7,standard,62,200,-1.3835272981504393e-18,0.0,0.0,0.065
prop_0.7,standard,63,200,-8.210264668266871e-19,0.0,0.0,0.08
prop_0.7,standard,64,200,6.53527930594541e-18,0.0,0.0,0.08
prop_0.7,standard,65,200,-8.742399555265877e-18,0.0,0.0,0.13
prop_0.7,standard,66,200,6.535279305945408e-18,0.0,0.0,0.055
prop_0.7,standard,67,200,-4.566585165853541e-18,0.0,0.0,0.105
prop_0.7,standard,68,200,-1.2536797473898762e-17,0.0,0.0,0.08
prop_0.7,standard,69,200,3.8056561669254924e-17,0.0,0.0,0.04
prop_0.7,standard,70,200,-8.210264668266875e-19,0.0,0.0,0.105
prop_0.7,standard,71,200,5.595391523479321e-18,0.0,0.0,0.085
prop_0.7,standard,72,200,7.097252143060113e-18,0.0,0.0,0.12
prop_0.7,standard,73,200,6.535279305945406e-18,0.0,0.0,0.09
prop_0.7,standard,74,200,-1.3835272981504393e-18,0.0,0.0,0.08
prop_0.7,standard,75,200,3.0269745769152614e-17,0.0,0.0,0.09
prop_0.7,standard,76,200,-5.986153687232596e-18,0.0,0.0,0.065
prop_0.7,standard,77,200,5.595391523479321e-18,0.0,0.0,0.045
prop_0.7,standard,78,200,-1.3835272981504395e-18,0.0,0.0,0.095
prop_0.7,standard,79,200,4.60411960916475e-17,0.0,0.0,0.07
prop_0.7,standard,80,200,2.8308700197840064e-18,0.0,0.0,0.13
prop_0.7,standard,81,200,-1.3835272981504395e-18,0.0,0.0,0.075
prop_0.7,standard,82,200,-9.371987220735192e-18,0.0,0.0,0.065
prop_0.7,standard,83,200,-1.2375378093857082e-17,0.0,0.0,0.105
prop_0.7,standard,84,200,3.026974576915263e-17,0.0,0.0,0.065
prop_0.7,standard,85,200,5.682329467011447e-18,0.0,0.0,0.12
prop_0.7,standard,86,200,-1.38352729815044e-18,0.0,0.0,0.095
prop_0.7,standard,87,200,9.927097495157444e-18,0.0,0.0,0.075
prop_0.7,standard,88,200,-1.0597317666674322e-17,0.0,0.0,0.075
prop_0.7,standard,89,200,6.53527930594541e-18,0.0,0.0,0.11
prop_0.7,standard,90,200,-1.3101973801575322e-17,0.0,0.0,0.085
prop_0.7,standard,91,200,-9.081937443962942e-18,0.0,0.0,0.12
prop_0.7,standard,92,200,1.4486092679363453e-18,0.0,0.0,0.06
prop_0.7,standard,93,200,4.604119609164748e-17,0.0,0.0,0.105
prop_0.7,standard,94,200,6.53527930594541e-18,0.0,0.0,0.06
prop_0.7,standard,95,200,2.830870019784006e-18,0.0,0.0,0.14
prop_0.7,standard,96,200,6.5352793059454106e-18,0.0,0.0,0.08
prop_0.7,standard,97,200,1.4486092679363459e-18,0.0,0.0,0.095
prop_0.7,standard,98,200,-1.525206920401297e-17,0.0,0.0,0.05
prop_0.7,standard,99,200,-7.191472702131568e-20,0.0,0.0,0.06
prop_0.7,standard,100,200,-3.954653567131034e-18,0.0,0.0,0.08
prop_0.8,standard,1,200,-9.433629782339665e-18,0.0,0.0,0.045
prop_0.8,standard,2,200,-2.68486888177729e-18,0.0,0.0,0.075
prop_0.8,standard,3,200,3.7769094137155855e-18,0.0,0.0,0.07
prop_0.8,standard,4,200,-6.247818598351413e-19,0.0,0.0,0.1
prop_0.8,standard,5,200,-1.1648782386138838e-17,0.0,0.0,0.1
prop_0.8,standard,6,200,1.1342020171206112e-17,0.0,0.0,0.075
prop_0.8,standard,7,200,-9.433629782339665e-18,0.0,0.0,0.04
prop_0.8,standard,8,200,-6.664458190363463e-18,0.0,0.0,0.085
prop_0.8,standard,9,200,7.804713481084448e-18,0.0,0.0,0.105
prop_0.8,standard,10,200,-1.2375378093857077e-17,0.0,0.0,0.055
prop_0.8,standard,11,200,-9.433629782339659e-18,0.0,0.0,0.065
prop_0.8,standard,12,200,-8.210264668266871e-19,0.0,0.0,0.085
prop_0.8,standard,13,200,5.59539152347932e-18,0.0,0.0,0.085
prop_0.8,standard,14,200,-7.191472702131572e-20,0.0,0.0,0.07
prop_0.8,standard,15,200,-7.191472702131568e-20,0.0,0.0,0.11
prop_0.8,standard,16,200,8.51217481910878e-18,0.0,0.0,0.08
prop_0.8,standard,17,200,-1.5981134278132255e-18,0.0,0.0,0.055
prop_0.8,standard,18,200,-3.291030194564523e-18,0.0,0.0,0.095
prop_0.8,standard,19,200,-1.5639965165457862e-17,0.0,0.0,0.1
prop_0.8,standard,20,200,-4.312481243036678e-18,0.0,0.0,0.075
prop_0.8,standard,21,200,-1.2030366556195556e-17,0.0,0.0,0.04
prop_0.8,standard,22,200,-4.98394696131582e-18,0.0,0.0,0.035
prop_0.8,standard,23,200,-5.91575802952373e-18,0.0,0.0,0.04
prop_0.8,standard,24,200,-9.045733820894775e-18,0.0,0.0,0.06
prop_0.8,standard,25,200,-2.7383596316000944e-18,0.0,0.0,0.08
prop_0.8,standard,26,200,-1.5981134278132257e-18,0.0,0.0,0.08
prop_0.8,standard,27,200,-1.3101973801575321e-17,0.0,0.0,0.08
prop_0.8,standard,28,200,-1.3835272981504393e-18,0.0,0.0,0.025
prop_0.8,standard,29,200,-1.214890151245387e-17,0.0,0.0,0.09
prop_0.8,standard,30,200,-8.210264668266871e-19,0.0,0.0,0.07
prop_0.8,standard,31,200,-2.684868881777291e-18,0.0,0.0,0.07
prop_0.8,standard,32,200,8.512174819108774e-18,0.0,0.0,0.08
prop_0.8,standard,33,200,-7.53120260339695e-18,0.0,0.0,0.1
prop_0.8,standard,34,200,7.80471348108445e-18,0.0,0.0,0.06
prop_0.8,standard,35,200,7.804713481084451e-18,0.0,0.0,0.13
prop_0.8,standard,36,200,-6.676863728067121e-18,0.0,0.0,0.11
prop_0.8,standard,37,200,-1.337184364765359e-17,0.0,0.0,0.08
prop_0.8,standard,38,200,-1.1583207525709552e-17,0.0,0.0,0.065
prop_0.8,standard,39,200,3.7769094137155855e-18,0.0,0.0,0.075
prop_0.8,standard,40,200,-2.9644591979379672e-18,0.0,0.0,0.1
prop_0.8,standard,41,200,6.535279305945409e-18,0.0,0.0,0.075
prop_0.8,standard,42,200,-7.19147270213157e-20,0.0,0.0,0.045
prop_0.8,standard,43,200,-4.3003134556505116e-18,0.0,0.0,0.095
prop_0.8,standard,44,200,6.3897908050357816e-18,0.0,0.0,0.09
prop_0.8,standard,45,200,-1.4732854513723765e-18,0.0,0.0,0.075
prop_0.8,standard,46,200,-1.068888946473753e-17,0.0,0.0,0.11
prop_0.8,standard,47,200,9.927097495157444e-18,0.0,0.0,0.07
prop_0.8,standard,48,200,-1.4266161708625608e-17,0.0,0.0,0.08
prop_0.8,standard,49,200,-1.2148901512453872e-17,0.0,0.0,0.085
prop_0.8,standard,50,200,5.460202659691483e-19,0.0,0.0,0.1
prop_0.8,standard,51,200,-2.684868881777291e-18,0.0,0.0,0.085
prop_0.8,standard,52,200,-4.983946961315821e-18,0.0,0.0,0.1
prop_0.8,standard,53,200,4.213130771631659e-18,0.0,0.0,0.105
prop_0.8,standard,54,200,-4.3003134556505116e-18,0.0,0.0,0.085
prop_0.8,standard,55,200,-1.8355236895572077e-17,0.0,0.0,0.115
prop_0.8,standard,56,200,-7.531202603396946e-18,0.0,0.0,0.135
prop_0.8,standard,57,200,-3.2910301945645235e-18,0.0,0.0,0.085
prop_0.8,standard,58,200,-1.0195590970702356e-17,0.0,0.0,0.065
prop_0.8,standard,59,200,-1.2148901512453875e-17,0.0,0.0,0.05
prop_0.8,standard,60,200,-1.7461548047884763e-17,0.0,0.0,0.06
prop_0.8,standard,61,200,-1.3828569509293559e-17,0.0,0.0,0.065
prop_0.8,standard,62,200,-9.468995262984116e-18,0.0,0.0,0.075
prop_0.8,standard,63,200,-3.291030194564525e-18,0.0,0.0,0.08
prop_0.8,standard,64,200,-8.015803847547632e-18,0.0,0.0,0.08
prop_0.8,standard,65,200,-5.942566129335675e-18,0.0,0.0,0.135
prop_0.8,standard,66,200,-1.5701382066320602e-18,0.0,0.0,0.055
prop_0.8,standard,67,200,-1.5160479769597607e-17,0.0,0.0,0.105
prop_0.8,standard,68,200,-1.2477525586681565e-17,0.0,0.0,0.08
prop_0.8,standard,69,200,1.700171087540078e-17,0.0,0.0,0.05
prop_0.8,standard,70,200,-1.6374381519126836e-17,0.0,0.0,0.115
prop_0.8,standard,71,200,-9.433629782339659e-18,0.0,0.0,0.09
prop_0.8,standard,72,200,-4.300313455650508e-18,0.0,0.0,0.12
prop_0.8,standard,73,200,-1.3828569509293557e-17,0.0,0.0,0.09
prop_0.8,standard,74,200,2.1397396438601747e-18,0.0,0.0,0.105
prop_0.8,standard,75,200,6.5352793059454006e-18,0.0,0.0,0.1
prop_0.8,standard,76,200,-5.315696905658915e-18,0.0,0.0,0.065
prop_0.8,standard,77,200,-1.5981134278132255e-18,0.0,0.0,0.06
prop_0.8,standard,78,200,1.2049481509230449e-17,0.0,0.0,0.11
prop_0.8,standard,79,200,6.535279305945405e-18,0.0,0.0,0.085
prop_0.8,standard,80,200,-1.5981134278132273e-18,0.0,0.0,0.135
prop_0.8,standard,81,200,2.175420492394798e-18,0.0,0.0,0.08
prop_0.8,standard,82,200,-1.5981134278132248e-18,0.0,0.0,0.08
prop_0.8,standard,83,200,-1.4713320739111604e-17,0.0,0.0,0.125
prop_0.8,standard,84,200,-1.1648782386138838e-17,0.0,0.0,0.075
prop_0.8,standard,85,200,-3.2910301945645235e-18,0.0,0.0,0.125
prop_0.8,standard,86,200,2.924532232200169e-18,0.0,0.0,0.095
prop_0.8,standard,87,200,-1.0168046136008636e-17,0.0,0.0,0.095
prop_0.8,standard,88,200,-6.217299159877455e-18,0.0,0.0,0.105
prop_0.8,standard,89,200,-3.0683616862428025e-18,0.0,0.0,0.11
prop_0.8,standard,90,200,-1.3101973801575322e-17,0.0,0.0,0.085
prop_0.8,standard,91,200,1.4486092679363476e-18,0.0,0.0,0.125
prop_0.8,standard,92,200,-1.7461548047884772e-17,0.0,0.0,0.06
prop_0.8,standard,93,200,-2.319249946437428e-18,0.0,0.0,0.115
prop_0.8,standard,94,200,6.634851608868767e-20,0.0,0.0,0.06
prop_0.8,standard,95,200,-1.1136048495223546e-17,0.0,0.0,0.15
prop_0.8,standard,96,200,-1.0694243079040714e-18,0.0,0.0,0.095
prop_0.8,standard,97,200,2.1614648398423677e-18,0.0,0.0,0.11
prop_0.8,standard,98,200,-5.9157580295237305e-18,0.0,0.0,0.05
prop_0.8,standard,99,200,-2.880080475863292e-18,0.0,0.0,0.07
prop_0.8,standard,100,200,-7.289208139829392e-18,0.0,0.0,0.08
alpha_0.2,standard,1,200,-6.082208675455836e-18,0.0,0.0,0.01
alpha_0.2,standard,2,200,1.1327497351999013e-17,0.0,0.0,0.03
alpha_0.2,standard,3,200,1.7789275647491888e-17,0.0,0.0,0.03
alpha_0.2,standard,4,200,6.247818598351413e-19,0.0,0.0,0.05
alpha_0.2,standard,5,200,1.1648782386138838e-17,0.0,0.0,0.04
alpha_0.2,standard,6,200,-1.1342020171206112e-17,0.0,0.0,0.035
alpha_0.2,standard,7,200,-6.082208675455836e-18,0.0,0.0,0.02
alpha_0.2,standard,8,200,6.664458190363463e-18,0.0,0.0,0.025
alpha_0.2,standard,9,200,-7.804713481084448e-18,0.0,0.0,0.035
alpha_0.2,standard,10,200,1.2375378093857077e-17,0.0,0.0,0.02
alpha_0.2,standard,11,200,-6.082208675455832e-18,0.0,0.0,0.03
alpha_0.2,standard,12,200,1.1206711627488343e-18,0.0,0.0,0.035
alpha_0.2,standard,13,200,-5.59539152347932e-18,0.0,0.0,0.05
alpha_0.2,standard,14,200,7.191472702131566e-20,0.0,0.0,0.015
alpha_0.2,standard,15,200,7.191472702131564e-20,0.0,0.0,0.06
alpha_0.2,standard,16,200,-8.51217481910878e-18,0.0,0.0,0.065
alpha_0.2,standard,17,200,2.1059884578386152e-18,0.0,0.0,0.045
alpha_0.2,standard,18,200,3.798905224589913e-18,0.0,0.0,0.04
alpha_0.2,standard,19,200,1.2412670766236412e-19,0.0,0.0,0.045
alpha_0.2,standard,20,200,4.312481243036678e-18,0.0,0.0,0.03
alpha_0.2,standard,21,200,1.2030366556195556e-17,0.0,0.0,0.02
alpha_0.2,standard,22,200,5.491821991341209e-18,0.0,0.0,0.015
alpha_0.2,standard,23,200,1.1327497351999017e-17,0.0,0.0,0.03
alpha_0.2,standard,24,200,-7.013158982923564e-18,0.0,0.0,0.025
alpha_0.2,standard,25,200,2.5667832135800375e-18,0.0,0.0,0.025
alpha_0.2,standard,26,200,2.1059884578386152e-18,0.0,0.0,0.04
alpha_0.2,standard,27,200,1.3101973801575321e-17,0.0,0.0,0.03
alpha_0.2,standard,28,200,1.9075906686619696e-18,0.0,0.0,0.065
alpha_0.2,standard,29,200,-3.909991291364464e-18,0.0,0.0,0.04
alpha_0.2,standard,30,200,1.1206711627488349e-18,0.0,0.0,0.025
alpha_0.2,standard,31,200,1.4558386499745456e-17,0.0,0.0,0.02
alpha_0.2,standard,32,200,-8.512174819108774e-18,0.0,0.0,0.045
alpha_0.2,standard,33,200,1.2942941925872237e-17,0.0,0.0,0.025
alpha_0.2,standard,34,200,-7.80471348108445e-18,0.0,0.0,0.045
alpha_0.2,standard,35,200,-7.804713481084451e-18,0.0,0.0,0.055
alpha_0.2,standard,36,200,7.184738758092509e-18,0.0,0.0,0.015
alpha_0.2,standard,37,200,1.337184364765359e-17,0.0,0.0,0.02
alpha_0.2,standard,38,200,1.1583207525709552e-17,0.0,0.0,0.02
alpha_0.2,standard,39,200,1.7789275647491888e-17,0.0,0.0,0.015
alpha_0.2,standard,40,200,2.9644591979379672e-18,0.0,0.0,0.02
alpha_0.2,standard,41,200,-4.6726182659772545e-18,0.0,0.0,0.055
alpha_0.2,standard,42,200,3.715594229434638e-19,0.0,0.0,0.025
alpha_0.2,standard,43,200,1.6173831073618683e-17,0.0,0.0,0.05
alpha_0.2,standard,44,200,-6.3897908050357816e-18,0.0,0.0,0.045
alpha_0.2,standard,45,200,1.3104486383259559e-17,0.0,0.0,0.045
alpha_0.2,standard,46,200,1.068888946473753e-17,0.0,0.0,0.05
alpha_0.2,standard,47,200,-9.927097495157444e-18,0.0,0.0,0.03
alpha_0.2,standard,48,200,1.4266161708625608e-17,0.0,0.0,0.015
alpha_0.2,standard,49,200,-3.909991291364465e-18,0.0,0.0,0.055
alpha_0.2,standard,50,200,1.4558386499745456e-17,0.0,0.0,0.035
alpha_0.2,standard,51,200,1.1327497351999017e-17,0.0,0.0,0.035
alpha_0.2,standard,52,200,5.49182199134121e-18,0.0,0.0,0.03
alpha_0.2,standard,53,200,-4.213130771631659e-18,0.0,0.0,0.04
alpha_0.2,standard,54,200,1.9404720221365117e-17,0.0,0.0,0.04
alpha_0.2,standard,55,200,-8.068235998053659e-19,0.0,0.0,0.055
alpha_0.2,standard,56,200,1.617383107361867e-17,0.0,0.0,0.04
alpha_0.2,standard,57,200,3.798905224589913e-18,0.0,0.0,0.025
alpha_0.2,standard,58,200,1.0195590970702356e-17,0.0,0.0,0.035
alpha_0.2,standard,59,200,-5.461575137144015e-18,0.0,0.0,0.03
alpha_0.2,standard,60,200,1.7461548047884763e-17,0.0,0.0,0.045
alpha_0.2,standard,61,200,1.3828569509293559e-17,0.0,0.0,0.03
alpha_0.2,standard,62,200,9.468995262984116e-18,0.0,0.0,0.04
alpha_0.2,standard,63,200,3.798905224589914e-18,0.0,0.0,0.035
alpha_0.2,standard,64,200,8.015803847547632e-18,0.0,0.0,0.015
alpha_0.2,standard,65,200,-5.461575137144014e-18,0.0,0.0,0.065
alpha_0.2,standard,66,200,1.869782902554205e-18,0.0,0.0,0.035
alpha_0.2,standard,67,200,1.5160479769597607e-17,0.0,0.0,0.03
alpha_0.2,standard,68,200,1.2477525586681565e-17,0.0,0.0,0.025
alpha_0.2,standard,69,200,-1.700171087540078e-17,0.0,0.0,0.04
alpha_0.2,standard,70,200,-8.812996244027834e-18,0.0,0.0,0.03
alpha_0.2,standard,71,200,-2.9790409838967344e-18,0.0,0.0,0.035
alpha_0.2,standard,72,200,1.6173831073618667e-17,0.0,0.0,0.075
alpha_0.2,standard,73,200,1.3828569509293557e-17,0.0,0.0,0.07
alpha_0.2,standard,74,200,-2.1397396438601747e-18,0.0,0.0,0.06
alpha_0.2,standard,75,200,-4.672618265977248e-18,0.0,0.0,0.015
alpha_0.2,standard,76,200,5.6153416015810574e-18,0.0,0.0,0.055
alpha_0.2,standard,77,200,2.1059884578386152e-18,0.0,0.0,0.03
alpha_0.2,standard,78,200,-1.2049481509230449e-17,0.0,0.0,0.065
alpha_0.2,standard,79,200,-4.672618265977252e-18,0.0,0.0,0.07
alpha_0.2,standard,80,200,1.5981134278132273e-18,0.0,0.0,0.035
alpha_0.2,standard,81,200,-1.8757757964726487e-18,0.0,0.0,0.055
alpha_0.2,standard,82,200,2.105988457838614e-18,0.0,0.0,0.025
alpha_0.2,standard,83,200,1.4713320739111604e-17,0.0,0.0,0.04
alpha_0.2,standard,84,200,1.1648782386138838e-17,0.0,0.0,0.03
alpha_0.2,standard,85,200,3.798905224589913e-18,0.0,0.0,0.03
alpha_0.2,standard,86,200,-2.6248875362780195e-18,0.0,0.0,0.04
alpha_0.2,standard,87,200,-7.778607013508131e-18,0.0,0.0,0.045
alpha_0.2,standard,88,200,6.217299159877455e-18,0.0,0.0,0.02
alpha_0.2,standard,89,200,3.0683616862427975e-18,0.0,0.0,0.055
alpha_0.2,standard,90,200,1.3101973801575322e-17,0.0,0.0,0.045
alpha_0.2,standard,91,200,-1.4486092679363476e-18,0.0,0.0,0.05
alpha_0.2,standard,92,200,1.7461548047884772e-17,0.0,0.0,0.035
alpha_0.2,standard,93,200,2.6188946423595757e-18,0.0,0.0,0.05
alpha_0.2,standard,94,200,-6.634851608868767e-20,0.0,0.0,0.065
alpha_0.2,standard,95,200,1.1136048495223546e-17,0.0,0.0,0.05
alpha_0.2,standard,96,200,1.2942941925872237e-17,0.0,0.0,0.05
alpha_0.2,standard,97,200,1.2942941925872234e-17,0.0,0.0,0.04
alpha_0.2,standard,98,200,1.455838649974546e-17,0.0,0.0,0.025
alpha_0.2,standard,99,200,2.880080475863292e-18,0.0,0.0,0.01
alpha_0.2,standard,100,200,7.289208139829392e-18,0.0,0.0,0.06
alpha_0.3,standard,1,200,-6.082208675455836e-18,0.0,0.0,0.01
alpha_0.3,standard,2,200,1.1327497351999013e-17,0.0,0.0,0.03
alpha_0.3,standard,3,200,1.7789275647491888e-17,0.0,0.0,0.045
alpha_0.3,standard,4,200,6.247818598351413e-19,0.0,0.0,0.055
alpha_0.3,standard,5,200,1.1648782386138838e-17,0.0,0.0,0.04
alpha_0.3,standard,6,200,-1.1342020171206112e-17,0.0,0.0,0.04
alpha_0.3,standard,7,200,-6.082208675455836e-18,0.0,0.0,0.025
alpha_0.3,standard,8,200,6.664458190363463e-18,0.0,0.0,0.03
alpha_0.3,standard,9,200,-7.804713481084448e-18,0.0,0.0,0.035
alpha_0.3,standard,10,200,1.2375378093857077e-17,0.0,0.0,0.02
alpha_0.3,standard,11,200,-6.082208675455832e-18,0.0,0.0,0.03
alpha_0.3,standard,12,200,1.1206711627488343e-18,0.0,0.0,0.03
alpha_0.3,standard,13,200,-5.59539152347932e-18,0.0,0.0,0.045
alpha_0.3,standard,14,200,7.191472702131566e-20,0.0,0.0,0.02
alpha_0.3,standard,15,200,7.191472702131564e-20,0.0,0.0,0.06
alpha_0.3,standard,16,200,-8.51217481910878e-18,0.0,0.0,0.07
alpha_0.3,standard,17,200,2.1059884578386152e-18,0.0,0.0,0.055
alpha_0.3,standard,18,200,3.798905224589913e-18,0.0,0.0,0.035
alpha_0.3,standard,19,200,1.2412670766236412e-19,0.0,0.0,0.055
alpha_0.3,standard,20,200,4.312481243036678e-18,0.0,0.0,0.025
alpha_0.3,standard,21,200,1.2030366556195556e-17,0.0,0.0,0.01
alpha_0.3,standard,22,200,5.491821991341209e-18,0.0,0.0,0.015
alpha_0.3,standard,23,200,1.1327497351999017e-17,0.0,0.0,0.025
alpha_0.3,standard,24,200,-7.013158982923564e-18,0.0,0.0,0.025
alpha_0.3,standard,25,200,2.5667832135800375e-18,0.0,0.0,0.025
alpha_0.3,standard,26,200,2.1059884578386152e-18,0.0,0.0,0.04
alpha_0.3,standard,27,200,1.3101973801575321e-17,0.0,0.0,0.03
alpha_0.3,standard,28,200,1.9075906686619696e-18,0.0,0.0,0.065
alpha_0.3,standard,29,200,-3.909991291364464e-18,0.0,0.0,0.025
alpha_0.3,standard,30,200,1.1206711627488349e-18,0.0,0.0,0.015
alpha_0.3,standard,31,200,1.4558386499745456e-17,0.0,0.0,0.02
alpha_0.3,standard,32,200,-8.512174819108774e-18,0.0,0.0,0.045
alpha_0.3,standard,33,200,1.2942941925872237e-17,0.0,0.0,0.025
alpha_0.3,standard,34,200,-7.80471348108445e-18,0.0,0.0,0.05
alpha_0.3,standard,35,200,-7.804713481084451e-18,0.0,0.0,0.05
alpha_0.3,standard,36,200,7.184738758092509e-18,0.0,0.0,0.02
alpha_0.3,standard,37,200,1.337184364765359e-17,0.0,0.0,0.02
alpha_0.3,standard,38,200,1.1583207525709552e-17,0.0,0.0,0.02
alpha_0.3,standard,39,200,1.7789275647491888e-17,0.0,0.0,0.015
alpha_0.3,standard,40,200,2.9644591979379672e-18,0.0,0.0,0.02
alpha_0.3,standard,41,200,-4.6726182659772545e-18,0.0,0.0,0.05
alpha_0.3,standard,42,200,3.715594229434638e-19,0.0,0.0,0.03
alpha_0.3,standard,43,200,1.6173831073618683e-17,0.0,0.0,0.055
alpha_0.3,standard,44,200,-6.3897908050357816e-18,0.0,0.0,0.045
alpha_0.3,standard,45,200,1.3104486383259559e-17,0.0,0.0,0.035
alpha_0.3,standard,46,200,1.068888946473753e-17,0.0,0.0,0.045
alpha_0.3,standard,47,200,-9.927097495157444e-18,0.0,0.0,0.03
alpha_0.3,standard,48,200,1.4266161708625608e-17,0.0,0.0,0.02
alpha_0.3,standard,49,200,-3.909991291364465e-18,0.0,0.0,0.055
alpha_0.3,standard,50,200,1.4558386499745456e-17,0.0,0.0,0.04
alpha_0.3,standard,51,200,1.1327497351999017e-17,0.0,0.0,0.035
alpha_0.3,standard,52,200,5.49182199134121e-18,0.0,0.0,0.025
alpha_0.3,standard,53,200,-4.213130771631659e-18,0.0,0.0,0.045
alpha_0.3,standard,54,200,1.9404720221365117e-17,0.0,0.0,0.035
alpha_0.3,standard,55,200,-8.068235998053659e-19,0.0,0.0,0.035
alpha_0.3,standard,56,200,1.617383107361867e-17,0.0,0.0,0.04
alpha_0.3,standard,57,200,3.798905224589913e-18,0.0,0.0,0.03
alpha_0.3,standard,58,200,1.0195590970702356e-17,0.0,0.0,0.02
alpha_0.3,standard,59,200,-5.461575137144015e-18,0.0,0.0,0.025
alpha_0.3,standard,60,200,1.7461548047884763e-17,0.0,0.0,0.04
alpha_0.3,standard,61,200,1.3828569509293559e-17,0.0,0.0,0.03
alpha_0.3,standard,62,200,9.468995262984116e-18,0.0,0.0,0.035
alpha_0.3,standard,63,200,3.798905224589914e-18,0.0,0.0,0.03
alpha_0.3,standard,64,200,8.015803847547632e-18,0.0,0.0,0.015
alpha_0.3,standard,65,200,-5.461575137144014e-18,0.0,0.0,0.07
alpha_0.3,standard,66,200,1.869782902554205e-18,0.0,0.0,0.04
alpha_0.3,standard,67,200,1.5160479769597607e-17,0.0,0.0,0.03
alpha_0.3,standard,68,200,1.2477525586681565e-17,0.0,0.0,0.025
alpha_0.3,standard,69,200,-1.700171087540078e-17,0.0,0.0,0.035
alpha_0.3,standard,70,200,-8.812996244027834e-18,0.0,0.0,0.035
alpha_0.3,standard,71,200,-2.9790409838967344e-18,0.0,0.0,0.04
alpha_0.3,standard,72,200,1.6173831073618667e-17,0.0,0.0,0.075
alpha_0.3,standard,73,200,1.3828569509293557e-17,0.0,0.0,0.06
alpha_0.3,standard,74,200,-2.1397396438601747e-18,0.0,0.0,0.075
alpha_0.3,standard,75,200,-4.672618265977248e-18,0.0,0.0,0.015
alpha_0.3,standard,76,200,5.6153416015810574e-18,0.0,0.0,0.05
alpha_0.3,standard,77,200,2.1059884578386152e-18,0.0,0.0,0.025
alpha_0.3,standard,78,200,-1.2049481509230449e-17,0.0,0.0,0.075
alpha_0.3,standard,79,200,-4.672618265977252e-18,0.0,0.0,0.08
alpha_0.3,standard,80,200,1.5981134278132273e-18,0.0,0.0,0.035
alpha_0.3,standard,81,200,-1.8757757964726487e-18,0.0,0.0,0.04
alpha_0.3,standard,82,200,2.105988457838614e-18,0.0,0.0,0.02
alpha_0.3,standard,83,200,1.4713320739111604e-17,0.0,0.0,0.04
alpha_0.3,standard,84,200,1.1648782386138838e-17,0.0,0.0,0.035
alpha_0.3,standard,85,200,3.798905224589913e-18,0.0,0.0,0.03
alpha_0.3,standard,86,200,-2.6248875362780195e-18,0.0,0.0,0.045
alpha_0.3,standard,87,200,-7.778607013508131e-18,0.0,0.0,0.03
alpha_0.3,standard,88,200,6.217299159877455e-18,0.0,0.0,0.03
alpha_0.3,standard,89,200,3.0683616862427975e-18,0.0,0.0,0.05
alpha_0.3,standard,90,200,1.3101973801575322e-17,0.0,0.0,0.045
alpha_0.3,standard,91,200,-1.4486092679363476e-18,0.0,0.0,0.05
alpha_0.3,standard,92,200,1.7461548047884772e-17,0.0,0.0,0.03
alpha_0.3,standard,93,200,2.6188946423595757e-18,0.0,0.0,0.05
alpha_0.3,standard,94,200,-6.634851608868767e-20,0.0,0.0,0.055
alpha_0.3,standard,95,200,1.1136048495223546e-17,0.0,0.0,0.05
alpha_0.3,standard,96,200,1.2942941925872237e-17,0.0,0.0,0.055
alpha_0.3,standard,97,200,1.2942941925872234e-17,0.0,0.0,0.04
alpha_0.3,standard,98,200,1.455838649974546e-17,0.0,0.0,0.025
alpha_0.3,standard,99,200,2.880080475863292e-18,0.0,0.0,0.005
alpha_0.3,standard,100,200,7.289208139829392e-18,0.0,0.0,0.06
alpha_0.5,standard,1,200,-6.082208675455836e-18,0.0,0.0,0.01
alpha_0.5,standard,2,200,1.1327497351999013e-17,0.0,0.0,0.035
alpha_0.5,standard,3,200,1.7789275647491888e-17,0.0,0.0,0.04
alpha_0.5,standard,4,200,6.247818598351413e-19,0.0,0.0,0.075
alpha_0.5,standard,5,200,1.1648782386138838e-17,0.0,0.0,0.035
alpha_0.5,standard,6,200,-1.1342020171206112e-17,0.0,0.0,0.045
alpha_0.5,standard,7,200,-6.082208675455836e-18,0.0,0.0,0.03
alpha_0.5,standard,8,200,6.664458190363463e-18,0.0,0.0,0.035
alpha_0.5,standard,9,200,-7.804713481084448e-18,0.0,0.0,0.02
alpha_0.5,standard,10,200,1.2375378093857077e-17,0.0,0.0,0.015
alpha_0.5,standard,11,200,-6.082208675455832e-18,0.0,0.0,0.04
alpha_0.5,standard,12,200,1.1206711627488343e-18,0.0,0.0,0.04
alpha_0.5,standard,13,200,-5.59539152347932e-18,0.0,0.0,0.05
alpha_0.5,standard,14,200,7.191472702131566e-20,0.0,0.0,0.02
alpha_0.5,standard,15,200,7.191472702131564e-20,0.0,0.0,0.06
alpha_0.5,standard,16,200,-8.51217481910878e-18,0.0,0.0,0.065
alpha_0.5,standard,17,200,2.1059884578386152e-18,0.0,0.0,0.05
alpha_0.5,standard,18,200,3.798905224589913e-18,0.0,0.0,0.04
alpha_0.5,standard,19,200,1.2412670766236412e-19,0.0,0.0,0.04
alpha_0.5,standard,20,200,4.312481243036678e-18,0.0,0.0,0.02
alpha_0.5,standard,21,200,1.2030366556195556e-17,0.0,0.0,0.01
alpha_0.5,standard,22,200,5.491821991341209e-18,0.0,0.0,0.015
alpha_0.5,standard,23,200,1.1327497351999017e-17,0.0,0.0,0.025
alpha_0.5,standard,24,200,-7.013158982923564e-18,0.0,0.0,0.025
alpha_0.5,standard,25,200,2.5667832135800375e-18,0.0,0.0,0.02
alpha_0.5,standard,26,200,2.1059884578386152e-18,0.0,0.0,0.035
alpha_0.5,standard,27,200,1.3101973801575321e-17,0.0,0.0,0.04
alpha_0.5,standard,28,200,1.9075906686619696e-18,0.0,0.0,0.085
alpha_0.5,standard,29,200,-3.909991291364464e-18,0.0,0.0,0.03
alpha_0.5,standard,30,200,1.1206711627488349e-18,0.0,0.0,0.02
alpha_0.5,standard,31,200,1.4558386499745456e-17,0.0,0.0,0.015
alpha_0.5,standard,32,200,-8.512174819108774e-18,0.0,0.0,0.055
alpha_0.5,standard,33,200,1.2942941925872237e-17,0.0,0.0,0.035
alpha_0.5,standard,34,200,-7.80471348108445e-18,0.0,0.0,0.04
alpha_0.5,standard,35,200,-7.804713481084451e-18,0.0,0.0,0.06
alpha_0.5,standard,36,200,7.184738758092509e-18,0.0,0.0,0.02
alpha_0.5,standard,37,200,1.337184364765359e-17,0.0,0.0,0.015
alpha_0.5,standard,38,200,1.1583207525709552e-17,0.0,0.0,0.02
alpha_0.5,standard,39,200,1.7789275647491888e-17,0.0,0.0,0.03
alpha_0.5,standard,40,200,2.9644591979379672e-18,0.0,0.0,0.025
alpha_0.5,standard,41,200,-4.6726182659772545e-18,0.0,0.0,0.04
alpha_0.5,standard,42,200,3.715594229434638e-19,0.0,0.0,0.025
alpha_0.5,standard,43,200,1.6173831073618683e-17,0.0,0.0,0.06
alpha_0.5,standard,44,200,-6.3897908050357816e-18,0.0,0.0,0.055
alpha_0.5,standard,45,200,1.3104486383259559e-17,0.0,0.0,0.025
alpha_0.5,standard,46,200,1.068888946473753e-17,0.0,0.0,0.065
alpha_0.5,standard,47,200,-9.927097495157444e-18,0.0,0.0,0.025
alpha_0.5,standard,48,200,1.4266161708625608e-17,0.0,0.0,0.02
alpha_0.5,standard,49,200,-3.909991291364465e-18,0.0,0.0,0.045
alpha_0.5,standard,50,200,1.4558386499745456e-17,0.0,0.0,0.04
alpha_0.5,standard,51,200,1.1327497351999017e-17,0.0,0.0,0.045
alpha_0.5,standard,52,200,5.49182199134121e-18,0.0,0.0,0.02
alpha_0.5,standard,53,200,-4.213130771631659e-18,0.0,0.0,0.05
alpha_0.5,standard,54,200,1.9404720221365117e-17,0.0,0.0,0.045
alpha_0.5,standard,55,200,-8.068235998053659e-19,0.0,0.0,0.015
alpha_0.5,standard,56,200,1.617383107361867e-17,0.0,0.0,0.025
alpha_0.5,standard,57,200,3.798905224589913e-18,0.0,0.0,0.025
alpha_0.5,standard,58,200,1.0195590970702356e-17,0.0,0.0,0.02
alpha_0.5,standard,59,200,-5.461575137144015e-18,0.0,0.0,0.01
alpha_0.5,standard,60,200,1.7461548047884763e-17,0.0,0.0,0.065
alpha_0.5,standard,61,200,1.3828569509293559e-17,0.0,0.0,0.035
alpha_0.5,standard,62,200,9.468995262984116e-18,0.0,0.0,0.03
alpha_0.5,standard,63,200,3.798905224589914e-18,0.0,0.0,0.035
alpha_0.5,standard,64,200,8.015803847547632e-18,0.0,0.0,0.015
alpha_0.5,standard,65,200,-5.461575137144014e-18,0.0,0.0,0.085
alpha_0.5,standard,66,200,1.869782902554205e-18,0.0,0.0,0.06
alpha_0.5,standard,67,200,1.5160479769597607e-17,0.0,0.0,0.04
alpha_0.5,standard,68,200,1.2477525586681565e-17,0.0,0.0,0.035
alpha_0.5,standard,69,200,-1.700171087540078e-17,0.0,0.0,0.02
alpha_0.5,standard,70,200,-8.812996244027834e-18,0.0,0.0,0.03
alpha_0.5,standard,71,200,-2.9790409838967344e-18,0.0,0.0,0.04
alpha_0.5,standard,72,200,1.6173831073618667e-17,0.0,0.0,0.1
alpha_0.5,standard,73,200,1.3828569509293557e-17,0.0,0.0,0.07
alpha_0.5,standard,74,200,-2.1397396438601747e-18,0.0,0.0,0.09
alpha_0.5,standard,75,200,-4.672618265977248e-18,0.0,0.0,0.02
alpha_0.5,standard,76,200,5.6153416015810574e-18,0.0,0.0,0.065
alpha_0.5,standard,77,200,2.1059884578386152e-18,0.0,0.0,0.02
alpha_0.5,standard,78,200,-1.2049481509230449e-17,0.0,0.0,0.085
alpha_0.5,standard,79,200,-4.672618265977252e-18,0.0,0.0,0.08
alpha_0.5,standard,80,200,1.5981134278132273e-18,0.0,0.0,0.03
alpha_0.5,standard,81,200,-1.8757757964726487e-18,0.0,0.0,0.025
alpha_0.5,standard,82,200,2.105988457838614e-18,0.0,0.0,0.02
alpha_0.5,standard,83,200,1.4713320739111604e-17,0.0,0.0,0.045
alpha_0.5,standard,84,200,1.1648782386138838e-17,0.0,0.0,0.04
alpha_0.5,standard,85,200,3.798905224589913e-18,0.0,0.0,0.04
alpha_0.5,standard,86,200,-2.6248875362780195e-18,0.0,0.0,0.055
alpha_0.5,standard,87,200,-7.778607013508131e-18,0.0,0.0,0.03
alpha_0.5,standard,88,200,6.217299159877455e-18,0.0,0.0,0.035
alpha_0.5,standard,89,200,3.0683616862427975e-18,0.0,0.0,0.055
alpha_0.5,standard,90,200,1.3101973801575322e-17,0.0,0.0,0.045
alpha_0.5,standard,91,200,-1.4486092679363476e-18,0.0,0.0,0.055
alpha_0.5,standard,92,200,1.7461548047884772e-17,0.0,0.0,0.035
alpha_0.5,standard,93,200,2.6188946423595757e-18,0.0,0.0,0.06
alpha_0.5,standard,94,200,-6.634851608868767e-20,0.0,0.0,0.035
alpha_0.5,standard,95,200,1.1136048495223546e-17,0.0,0.0,0.06
alpha_0.5,standard,96,200,1.2942941925872237e-17,0.0,0.0,0.03
alpha_0.5,standard,97,200,1.2942941925872234e-17,0.0,0.0,0.04
alpha_0.5,standard,98,200,1.455838649974546e-17,0.0,0.0,0.02
alpha_0.5,standard,99,200,2.880080475863292e-18,0.0,0.0,0.005
alpha_0.5,standard,100,200,7.289208139829392e-18,0.0,0.0,0.06
alpha_0.6,standard,1,200,-6.082208675455836e-18,0.0,0.0,0.015
alpha_0.6,standard,2,200,1.1327497351999013e-17,0.0,0.0,0.025
alpha_0.6,standard,3,200,1.7789275647491888e-17,0.0,0.0,0.045
alpha_0.6,standard,4,200,6.247818598351413e-19,0.0,0.0,0.07
alpha_0.6,standard,5,200,1.1648782386138838e-17,0.0,0.0,0.035
alpha_0.6,standard,6,200,-1.1342020171206112e-17,0.0,0.0,0.035
alpha_0.6,standard,7,200,-6.082208675455836e-18,0.0,0.0,0.02
alpha_0.6,standard,8,200,6.664458190363463e-18,0.0,0.0,0.03
alpha_0.6,standard,9,200,-7.804713481084448e-18,0.0,0.0,0.02
alpha_0.6,standard,10,200,1.2375378093857077e-17,0.0,0.0,0.015
alpha_0.6,standard,11,200,-6.082208675455832e-18,0.0,0.0,0.04
alpha_0.6,standard,12,200,1.1206711627488343e-18,0.0,0.0,0.04
alpha_0.6,standard,13,200,-5.59539152347932e-18,0.0,0.0,0.05
alpha_0.6,standard,14,200,7.191472702131566e-20,0.0,0.0,0.01
alpha_0.6,standard,15,200,7.191472702131564e-20,0.0,0.0,0.05
alpha_0.6,standard,16,200,-8.51217481910878e-18,0.0,0.0,0.065
alpha_0.6,standard,17,200,2.1059884578386152e-18,0.0,0.0,0.055
alpha_0.6,standard,18,200,3.798905224589913e-18,0.0,0.0,0.05
alpha_0.6,standard,19,200,1.2412670766236412e-19,0.0,0.0,0.035
alpha_0.6,standard,20,200,4.312481243036678e-18,0.0,0.0,0.02
alpha_0.6,standard,21,200,1.2030366556195556e-17,0.0,0.0,0.01
alpha_0.6,standard,22,200,5.491821991341209e-18,0.0,0.0,0.01
alpha_0.6,standard,23,200,1.1327497351999017e-17,0.0,0.0,0.02
alpha_0.6,standard,24,200,-7.013158982923564e-18,0.0,0.0,0.02
alpha_0.6,standard,25,200,2.5667832135800375e-18,0.0,0.0,0.02
alpha_0.6,standard,26,200,2.1059884578386152e-18,0.0,0.0,0.03
alpha_0.6,standard,27,200,1.3101973801575321e-17,0.0,0.0,0.045
alpha_0.6,standard,28,200,1.9075906686619696e-18,0.0,0.0,0.07
alpha_0.6,standard,29,200,-3.909991291364464e-18,0.0,0.0,0.035
alpha_0.6,standard,30,200,1.1206711627488349e-18,0.0,0.0,0.015
alpha_0.6,standard,31,200,1.4558386499745456e-17,0.0,0.0,0.025
alpha_0.6,standard,32,200,-8.512174819108774e-18,0.0,0.0,0.05
alpha_0.6,standard,33,200,1.2942941925872237e-17,0.0,0.0,0.02
alpha_0.6,standard,34,200,-7.80471348108445e-18,0.0,0.0,0.045
alpha_0.6,standard,35,200,-7.804713481084451e-18,0.0,0.0,0.075
alpha_0.6,standard,36,200,7.184738758092509e-18,0.0,0.0,0.01
alpha_0.6,standard,37,200,1.337184364765359e-17,0.0,0.0,0.015
alpha_0.6,standard,38,200,1.1583207525709552e-17,0.0,0.0,0.02
alpha_0.6,standard,39,200,1.7789275647491888e-17,0.0,0.0,0.025
alpha_0.6,standard,40,200,2.9644591979379672e-18,0.0,0.0,0.025
alpha_0.6,standard,41,200,-4.6726182659772545e-18,0.0,0.0,0.05
alpha_0.6,standard,42,200,3.715594229434638e-19,0.0,0.0,0.02
alpha_0.6,standard,43,200,1.6173831073618683e-17,0.0,0.0,0.065
alpha_0.6,standard,44,200,-6.3897908050357816e-18,0.0,0.0,0.06
alpha_0.6,standard,45,200,1.3104486383259559e-17,0.0,0.0,0.025
alpha_0.6,standard,46,200,1.068888946473753e-17,0.0,0.0,0.06
alpha_0.6,standard,47,200,-9.927097495157444e-18,0.0,0.0,0.02
alpha_0.6,standard,48,200,1.4266161708625608e-17,0.0,0.0,0.02
alpha_0.6,standard,49,200,-3.909991291364465e-18,0.0,0.0,0.045
alpha_0.6,standard,50,200,1.4558386499745456e-17,0.0,0.0,0.045
alpha_0.6,standard,51,200,1.1327497351999017e-17,0.0,0.0,0.05
alpha_0.6,standard,52,200,5.49182199134121e-18,0.0,0.0,0.02
alpha_0.6,standard,53,200,-4.213130771631659e-18,0.0,0.0,0.04
alpha_0.6,standard,54,200,1.9404720221365117e-17,0.0,0.0,0.035
alpha_0.6,standard,55,200,-8.068235998053659e-19,0.0,0.0,0.03
alpha_0.6,standard,56,200,1.617383107361867e-17,0.0,0.0,0.035
alpha_0.6,standard,57,200,3.798905224589913e-18,0.0,0.0,0.03
alpha_0.6,standard,58,200,1.0195590970702356e-17,0.0,0.0,0.015
alpha_0.6,standard,59,200,-5.461575137144015e-18,0.0,0.0,0.02
alpha_0.6,standard,60,200,1.7461548047884763e-17,0.0,0.0,0.065
alpha_0.6,standard,61,200,1.3828569509293559e-17,0.0,0.0,0.035
alpha_0.6,standard,62,200,9.468995262984116e-18,0.0,0.0,0.04
alpha_0.6,standard,63,200,3.798905224589914e-18,0.0,0.0,0.025
alpha_0.6,standard,64,200,8.015803847547632e-18,0.0,0.0,0.015
alpha_0.6,standard,65,200,-5.461575137144014e-18,0.0,0.0,0.07
alpha_0.6,standard,66,200,1.869782902554205e-18,0.0,0.0,0.045
alpha_0.6,standard,67,200,1.5160479769597607e-17,0.0,0.0,0.03
alpha_0.6,standard,68,200,1.2477525586681565e-17,0.0,0.0,0.025
alpha_0.6,standard,69,200,-1.700171087540078e-17,0.0,0.0,0.02
alpha_0.6,standard,70,200,-8.812996244027834e-18,0.0,0.0,0.03
alpha_0.6,standard,71,200,-2.9790409838967344e-18,0.0,0.0,0.04
alpha_0.6,standard,72,200,1.6173831073618667e-17,0.0,0.0,0.09
alpha_0.6,standard,73,200,1.3828569509293557e-17,0.0,0.0,0.07
alpha_0.6,standard,74,200,-2.1397396438601747e-18,0.0,0.0,0.1
alpha_0.6,standard,75,200,-4.672618265977248e-18,0.0,0.0,0.015
alpha_0.6,standard,76,200,5.6153416015810574e-18,0.0,0.0,0.07
alpha_0.6,standard,77,200,2.1059884578386152e-18,0.0,0.0,0.015
alpha_0.6,standard,78,200,-1.2049481509230449e-17,0.0,0.0,0.1
alpha_0.6,standard,79,200,-4.672618265977252e-18,0.0,0.0,0.085
alpha_0.6,standard,80,200,1.5981134278132273e-18,0.0,0.0,0.02
alpha_0.6,standard,81,200,-1.8757757964726487e-18,0.0,0.0,0.03
alpha_0.6,standard,82,200,2.105988457838614e-18,0.0,0.0,0.01
alpha_0.6,standard,83,200,1.4713320739111604e-17,0.0,0.0,0.06
alpha_0.6,standard,84,200,1.1648782386138838e-17,0.0,0.0,0.03
alpha_0.6,standard,85,200,3.798905224589913e-18,0.0,0.0,0.035
alpha_0.6,standard,86,200,-2.6248875362780195e-18,0.0,0.0,0.08
alpha_0.6,standard,87,200,-7.778607013508131e-18,0.0,0.0,0.025
alpha_0.6,standard,88,200,6.217299159877455e-18,0.0,0.0,0.03
alpha_0.6,standard,89,200,3.0683616862427975e-18,0.0,0.0,0.06
alpha_0.6,standard,90,200,1.3101973801575322e-17,0.0,0.0,0.055
alpha_0.6,standard,91,200,-1.4486092679363476e-18,0.0,0.0,0.06
alpha_0.6,standard,92,200,1.7461548047884772e-17,0.0,0.0,0.03
alpha_0.6,standard,93,200,2.6188946423595757e-18,0.0,0.0,0.055
alpha_0.6,standard,94,200,-6.634851608868767e-20,0.0,0.0,0.035
alpha_0.6,standard,95,200,1.1136048495223546e-17,0.0,0.0,0.055
alpha_0.6,standard,96,200,1.2942941925872237e-17,0.0,0.0,0.07
alpha_0.6,standard,97,200,1.2942941925872234e-17,0.0,0.0,0.05
alpha_0.6,standard,98,200,1.455838649974546e-17,0.0,0.0,0.025
alpha_0.6,standard,99,200,2.880080475863292e-18,0.0,0.0,0.005
alpha_0.6,standard,100,200,7.289208139829392e-18,0.0,0.0,0.055
alpha_0.7,standard,1,200,-6.082208675455836e-18,0.0,0.0,0.015
alpha_0.7,standard,2,200,1.1327497351999013e-17,0.0,0.0,0.03
alpha_0.7,standard,3,200,1.7789275647491888e-17,0.0,0.0,0.05
alpha_0.7,standard,4,200,6.247818598351413e-19,0.0,0.0,0.065
alpha_0.7,standard,5,200,1.1648782386138838e-17,0.0,0.0,0.045
alpha_0.7,standard,6,200,-1.1342020171206112e-17,0.0,0.0,0.035
alpha_0.7,standard,7,200,-6.082208675455836e-18,0.0,0.0,0.025
alpha_0.7,standard,8,200,6.664458190363463e-18,0.0,0.0,0.03
alpha_0.7,standard,9,200,-7.804713481084448e-18,0.0,0.0,0.015
alpha_0.7,standard,10,200,1.2375378093857077e-17,0.0,0.0,0.02
alpha_0.7,standard,11,200,-6.082208675455832e-18,0.0,0.0,0.035
alpha_0.7,standard,12,200,1.1206711627488343e-18,0.0,0.0,0.04
alpha_0.7,standard,13,200,-5.59539152347932e-18,0.0,0.0,0.045
alpha_0.7,standard,14,200,7.191472702131566e-20,0.0,0.0,0.015
alpha_0.7,standard,15,200,7.191472702131564e-20,0.0,0.0,0.045
alpha_0.7,standard,16,200,-8.51217481910878e-18,0.0,0.0,0.065
alpha_0.7,standard,17,200,2.1059884578386152e-18,0.0,0.0,0.055
alpha_0.7,standard,18,200,3.798905224589913e-18,0.0,0.0,0.05
alpha_0.7,standard,19,200,1.2412670766236412e-19,0.0,0.0,0.03
alpha_0.7,standard,20,200,4.312481243036678e-18,0.0,0.0,0.01
alpha_0.7,standard,21,200,1.2030366556195556e-17,0.0,0.0,0.01
alpha_0.7,standard,22,200,5.491821991341209e-18,0.0,0.0,0.01
alpha_0.7,standard,23,200,1.1327497351999017e-17,0.0,0.0,0.025
alpha_0.7,standard,24,200,-7.013158982923564e-18,0.0,0.0,0.015
alpha_0.7,standard,25,200,2.5667832135800375e-18,0.0,0.0,0.02
alpha_0.7,standard,26,200,2.1059884578386152e-18,0.0,0.0,0.025
alpha_0.7,standard,27,200,1.3101973801575321e-17,0.0,0.0,0.05
alpha_0.7,standard,28,200,1.9075906686619696e-18,0.0,0.0,0.075
alpha_0.7,standard,29,200,-3.909991291364464e-18,0.0,0.0,0.03
alpha_0.7,standard,30,200,1.1206711627488349e-18,0.0,0.0,0.025
alpha_0.7,standard,31,200,1.4558386499745456e-17,0.0,0.0,0.02
alpha_0.7,standard,32,200,-8.512174819108774e-18,0.0,0.0,0.045
alpha_0.7,standard,33,200,1.2942941925872237e-17,0.0,0.0,0.03
alpha_0.7,standard,34,200,-7.80471348108445e-18,0.0,0.0,0.035
alpha_0.7,standard,35,200,-7.804713481084451e-18,0.0,0.0,0.065
alpha_0.7,standard,36,200,7.184738758092509e-18,0.0,0.0,0.01
alpha_0.7,standard,37,200,1.337184364765359e-17,0.0,0.0,0.01
alpha_0.7,standard,38,200,1.1583207525709552e-17,0.0,0.0,0.015
alpha_0.7,standard,39,200,1.7789275647491888e-17,0.0,0.0,0.02
alpha_0.7,standard,40,200,2.9644591979379672e-18,0.0,0.0,0.02
alpha_0.7,standard,41,200,-4.6726182659772545e-18,0.0,0.0,0.04
alpha_0.7,standard,42,200,3.715594229434638e-19,0.0,0.0,0.035
alpha_0.7,standard,43,200,1.6173831073618683e-17,0.0,0.0,0.055
alpha_0.7,standard,44,200,-6.3897908050357816e-18,0.0,0.0,0.06
alpha_0.7,standard,45,200,1.3104486383259559e-17,0.0,0.0,0.025
alpha_0.7,standard,46,200,1.068888946473753e-17,0.0,0.0,0.065
alpha_0.7,standard,47,200,-9.927097495157444e-18,0.0,0.0,0.015
alpha_0.7,standard,48,200,1.4266161708625608e-17,0.0,0.0,0.015
alpha_0.7,standard,49,200,-3.909991291364465e-18,0.0,0.0,0.05
alpha_0.7,standard,50,200,1.4558386499745456e-17,0.0,0.0,0.045
alpha_0.7,standard,51,200,1.1327497351999017e-17,0.0,0.0,0.045
alpha_0.7,standard,52,200,5.49182199134121e-18,0.0,0.0,0.02
alpha_0.7,standard,53,200,-4.213130771631659e-18,0.0,0.0,0.05
alpha_0.7,standard,54,200,1.9404720221365117e-17,0.0,0.0,0.03
alpha_0.7,standard,55,200,-8.068235998053659e-19,0.0,0.0,0.035
alpha_0.7,standard,56,200,1.617383107361867e-17,0.0,0.0,0.05
alpha_0.7,standard,57,200,3.798905224589913e-18,0.0,0.0,0.02
alpha_0.7,standard,58,200,1.0195590970702356e-17,0.0,0.0,0.02
alpha_0.7,standard,59,200,-5.461575137144015e-18,0.0,0.0,0.01
alpha_0.7,standard,60,200,1.7461548047884763e-17,0.0,0.0,0.07
alpha_0.7,standard,61,200,1.3828569509293559e-17,0.0,0.0,0.035
alpha_0.7,standard,62,200,9.468995262984116e-18,0.0,0.0,0.04
alpha_0.7,standard,63,200,3.798905224589914e-18,0.0,0.0,0.035
alpha_0.7,standard,64,200,8.015803847547632e-18,0.0,0.0,0.02
alpha_0.7,standard,65,200,-5.461575137144014e-18,0.0,0.0,0.09
alpha_0.7,standard,66,200,1.869782902554205e-18,0.0,0.0,0.04
alpha_0.7,standard,67,200,1.5160479769597607e-17,0.0,0.0,0.035
alpha_0.7,standard,68,200,1.2477525586681565e-17,0.0,0.0,0.02
alpha_0.7,standard,69,200,-1.700171087540078e-17,0.0,0.0,0.015
alpha_0.7,standard,70,200,-8.812996244027834e-18,0.0,0.0,0.035
alpha_0.7,standard,71,200,-2.9790409838967344e-18,0.0,0.0,0.04
alpha_0.7,standard,72,200,1.6173831073618667e-17,0.0,0.0,0.1
alpha_0.7,standard,73,200,1.3828569509293557e-17,0.0,0.0,0.075
alpha_0.7,standard,74,200,-2.1397396438601747e-18,0.0,0.0,0.105
alpha_0.7,standard,75,200,-4.672618265977248e-18,0.0,0.0,0.015
alpha_0.7,standard,76,200,5.6153416015810574e-18,0.0,0.0,0.06
alpha_0.7,standard,77,200,2.1059884578386152e-18,0.0,0.0,0.015
alpha_0.7,standard,78,200,-1.2049481509230449e-17,0.0,0.0,0.085
alpha_0.7,standard,79,200,-4.672618265977252e-18,0.0,0.0,0.095
alpha_0.7,standard,80,200,1.5981134278132273e-18,0.0,0.0,0.035
alpha_0.7,standard,81,200,-1.8757757964726487e-18,0.0,0.0,0.035
alpha_0.7,standard,82,200,2.105988457838614e-18,0.0,0.0,0.01
alpha_0.7,standard,83,200,1.4713320739111604e-17,0.0,0.0,0.05
alpha_0.7,standard,84,200,1.1648782386138838e-17,0.0,0.0,0.04
alpha_0.7,standard,85,200,3.798905224589913e-18,0.0,0.0,0.05
alpha_0.7,standard,86,200,-2.6248875362780195e-18,0.0,0.0,0.1
alpha_0.7,standard,87,200,-7.778607013508131e-18,0.0,0.0,0.03
alpha_0.7,standard,88,200,6.217299159877455e-18,0.0,0.0,0.03
alpha_0.7,standard,89,200,3.0683616862427975e-18,0.0,0.0,0.055
alpha_0.7,standard,90,200,1.3101973801575322e-17,0.0,0.0,0.05
alpha_0.7,standard,91,200,-1.4486092679363476e-18,0.0,0.0,0.045
alpha_0.7,standard,92,200,1.7461548047884772e-17,0.0,0.0,0.03
alpha_0.7,standard,93,200,2.6188946423595757e-18,0.0,0.0,0.05
alpha_0.7,standard,94,200,-6.634851608868767e-20,0.0,0.0,0.05
alpha_0.7,standard,95,200,1.1136048495223546e-17,0.0,0.0,0.075
alpha_0.7,standard,96,200,1.2942941925872237e-17,0.0,0.0,0.05
alpha_0.7,standard,97,200,1.2942941925872234e-17,0.0,0.0,0.045
alpha_0.7,standard,98,200,1.455838649974546e-17,0.0,0.0,0.025
alpha_0.7,standard,99,200,2.880080475863292e-18,0.0,0.0,0.005
alpha_0.7,standard,100,200,7.289208139829392e-18,0.0,0.0,0.04
alpha_0.8,standard,1,200,-6.082208675455836e-18,0.0,0.0,0.02
alpha_0.8,standard,2,200,1.1327497351999013e-17,0.0,0.0,0.02
alpha_0.8,standard,3,200,1.7789275647491888e-17,0.0,0.0,0.05
alpha_0.8,standard,4,200,6.247818598351413e-19,0.0,0.0,0.05
alpha_0.8,standard,5,200,1.1648782386138838e-17,0.0,0.0,0.04
alpha_0.8,standard,6,200,-1.1342020171206112e-17,0.0,0.0,0.04
alpha_0.8,standard,7,200,-6.082208675455836e-18,0.0,0.0,0.015
alpha_0.8,standard,8,200,6.664458190363463e-18,0.0,0.0,0.03
alpha_0.8,standard,9,200,-7.804713481084448e-18,0.0,0.0,0.01
alpha_0.8,standard,10,200,1.2375378093857077e-17,0.0,0.0,0.015
alpha_0.8,standard,11,200,-6.082208675455832e-18,0.0,0.0,0.035
alpha_0.8,standard,12,200,1.1206711627488343e-18,0.0,0.0,0.04
alpha_0.8,standard,13,200,-5.59539152347932e-18,0.0,0.0,0.04
alpha_0.8,standard,14,200,7.191472702131566e-20,0.0,0.0,0.01
alpha_0.8,standard,15,200,7.191472702131564e-20,0.0,0.0,0.035
alpha_0.8,standard,16,200,-8.51217481910878e-18,0.0,0.0,0.085
alpha_0.8,standard,17,200,2.1059884578386152e-18,0.0,0.0,0.065
alpha_0.8,standard,18,200,3.798905224589913e-18,0.0,0.0,0.06
alpha_0.8,standard,19,200,1.2412670766236412e-19,0.0,0.0,0.035
alpha_0.8,standard,20,200,4.312481243036678e-18,0.0,0.0,0.01
alpha_0.8,standard,21,200,1.2030366556195556e-17,0.0,0.0,0.01
alpha_0.8,standard,22,200,5.491821991341209e-18,0.0,0.0,0.015
alpha_0.8,standard,23,200,1.1327497351999017e-17,0.0,0.0,0.02
alpha_0.8,standard,24,200,-7.013158982923564e-18,0.0,0.0,0.015
alpha_0.8,standard,25,200,2.5667832135800375e-18,0.0,0.0,0.02
alpha_0.8,standard,26,200,2.1059884578386152e-18,0.0,0.0,0.02
alpha_0.8,standard,27,200,1.3101973801575321e-17,0.0,0.0,0.06
alpha_0.8,standard,28,200,1.9075906686619696e-18,0.0,0.0,0.07
alpha_0.8,standard,29,200,-3.909991291364464e-18,0.0,0.0,0.03
alpha_0.8,standard,30,200,1.1206711627488349e-18,0.0,0.0,0.015
alpha_0.8,standard,31,200,1.4558386499745456e-17,0.0,0.0,0.025
alpha_0.8,standard,32,200,-8.512174819108774e-18,0.0,0.0,0.055
alpha_0.8,standard,33,200,1.2942941925872237e-17,0.0,0.0,0.025
alpha_0.8,standard,34,200,-7.80471348108445e-18,0.0,0.0,0.03
alpha_0.8,standard,35,200,-7.804713481084451e-18,0.0,0.0,0.075
alpha_0.8,standard,36,200,7.184738758092509e-18,0.0,0.0,0.01
alpha_0.8,standard,37,200,1.337184364765359e-17,0.0,0.0,0.005
alpha_0.8,standard,38,200,1.1583207525709552e-17,0.0,0.0,0.02
alpha_0.8,standard,39,200,1.7789275647491888e-17,0.0,0.0,0.03
alpha_0.8,standard,40,200,2.9644591979379672e-18,0.0,0.0,0.035
alpha_0.8,standard,41,200,-4.6726182659772545e-18,0.0,0.0,0.04
alpha_0.8,standard,42,200,3.715594229434638e-19,0.0,0.0,0.015
alpha_0.8,standard,43,200,1.6173831073618683e-17,0.0,0.0,0.055
alpha_0.8,standard,44,200,-6.3897908050357816e-18,0.0,0.0,0.075
alpha_0.8,standard,45,200,1.3104486383259559e-17,0.0,0.0,0.015
alpha_0.8,standard,46,200,1.068888946473753e-17,0.0,0.0,0.07
alpha_0.8,standard,47,200,-9.927097495157444e-18,0.0,0.0,0.01
alpha_0.8,standard,48,200,1.4266161708625608e-17,0.0,0.0,0.02
alpha_0.8,standard,49,200,-3.909991291364465e-18,0.0,0.0,0.025
alpha_0.8,standard,50,200,1.4558386499745456e-17,0.0,0.0,0.05
alpha_0.8,standard,51,200,1.1327497351999017e-17,0.0,0.0,0.04
alpha_0.8,standard,52,200,5.49182199134121e-18,0.0,0.0,0.015
alpha_0.8,standard,53,200,-4.213130771631659e-18,0.0,0.0,0.04
alpha_0.8,standard,54,200,1.9404720221365117e-17,0.0,0.0,0.03
alpha_0.8,standard,55,200,-8.068235998053659e-19,0.0,0.0,0.035
alpha_0.8,standard,56,200,1.617383107361867e-17,0.0,0.0,0.035
alpha_0.8,standard,57,200,3.798905224589913e-18,0.0,0.0,0.025
alpha_0.8,standard,58,200,1.0195590970702356e-17,0.0,0.0,0.015
alpha_0.8,standard,59,200,-5.461575137144015e-18,0.0,0.0,0.0
alpha_0.8,standard,60,200,1.7461548047884763e-17,0.0,0.0,0.07
alpha_0.8,standard,61,200,1.3828569509293559e-17,0.0,0.0,0.025
alpha_0.8,standard,62,200,9.468995262984116e-18,0.0,0.0,0.035
alpha_0.8,standard,63,200,3.798905224589914e-18,0.0,0.0,0.035
alpha_0.8,standard,64,200,8.015803847547632e-18,0.0,0.0,0.02
alpha_0.8,standard,65,200,-5.461575137144014e-18,0.0,0.0,0.085
alpha_0.8,standard,66,200,1.869782902554205e-18,0.0,0.0,0.055
alpha_0.8,standard,67,200,1.5160479769597607e-17,0.0,0.0,0.025
alpha_0.8,standard,68,200,1.2477525586681565e-17,0.0,0.0,0.025
alpha_0.8,standard,69,200,-1.700171087540078e-17,0.0,0.0,0.015
alpha_0.8,standard,70,200,-8.812996244027834e-18,0.0,0.0,0.03
alpha_0.8,standard,71,200,-2.9790409838967344e-18,0.0,0.0,0.04
alpha_0.8,standard,72,200,1.6173831073618667e-17,0.0,0.0,0.1
alpha_0.8,standard,73,200,1.3828569509293557e-17,0.0,0.0,0.075
alpha_0.8,standard,74,200,-2.1397396438601747e-18,0.0,0.0,0.105
alpha_0.8,standard,75,200,-4.672618265977248e-18,0.0,0.0,0.015
alpha_0.8,standard,76,200,5.6153416015810574e-18,0.0,0.0,0.075
alpha_0.8,standard,77,200,2.1059884578386152e-18,0.0,0.0,0.02
alpha_0.8,standard,78,200,-1.2049481509230449e-17,0.0,0.0,0.1
alpha_0.8,standard,79,200,-4.672618265977252e-18,0.0,0.0,0.085
alpha_0.8,standard,80,200,1.5981134278132273e-18,0.0,0.0,0.025
alpha_0.8,standard,81,200,-1.8757757964726487e-18,0.0,0.0,0.025
alpha_0.8,standard,82,200,2.105988457838614e-18,0.0,0.0,0.01
alpha_0.8,standard,83,200,1.4713320739111604e-17,0.0,0.0,0.045
alpha_0.8,standard,84,200,1.1648782386138838e-17,0.0,0.0,0.05
alpha_0.8,standard,85,200,3.798905224589913e-18,0.0,0.0,0.055
alpha_0.8,standard,86,200,-2.6248875362780195e-18,0.0,0.0,0.11
alpha_0.8,standard,87,200,-7.778607013508131e-18,0.0,0.0,0.03
alpha_0.8,standard,88,200,6.217299159877455e-18,0.0,0.0,0.025
alpha_0.8,standard,89,200,3.0683616862427975e-18,0.0,0.0,0.06
alpha_0.8,standard,90,200,1.3101973801575322e-17,0.0,0.0,0.06
alpha_0.8,standard,91,200,-1.4486092679363476e-18,0.0,0.0,0.055
alpha_0.8,standard,92,200,1.7461548047884772e-17,0.0,0.0,0.035
alpha_0.8,standard,93,200,2.6188946423595757e-18,0.0,0.0,0.045
alpha_0.8,standard,94,200,-6.634851608868767e-20,0.0,0.0,0.045
alpha_0.8,standard,95,200,1.1136048495223546e-17,0.0,0.0,0.06
alpha_0.8,standard,96,200,1.2942941925872237e-17,0.0,0.0,0.055
alpha_0.8,standard,97,200,1.2942941925872234e-17,0.0,0.0,0.045
alpha_0.8,standard,98,200,1.455838649974546e-17,0.0,0.0,0.035
alpha_0.8,standard,99,200,2.880080475863292e-18,0.0,0.0,0.005
alpha_0.8,standard,100,200,7.289208139829392e-18,0.0,0.0,0.05
n_25,standard,1,100,-7.199349044417108e-18,0.0,0.0,0.01
n_25,standard,2,100,4.843424460735605e-18,0.0,0.0,0.02
n_25,standard,3,100,4.2742762526936834e-17,0.0,0.0,0.03
n_25,standard,4,100,2.0791223533445926e-18,0.0,0.0,0.03
n_25,standard,5,100,2.043534295531578e-17,0.0,0.0,0.02
n_25,standard,6,100,-5.958081967793463e-18,0.0,0.0,0.03
n_25,standard,7,100,-9.061249659352564e-18,0.0,0.0,0.01
n_25,standard,8,100,4.291205420361193e-17,0.0,0.0,0.07
n_25,standard,9,100,-1.2143729566301247e-17,0.0,0.0,0.03
n_25,standard,10,100,-2.1283296805708428e-18,0.0,0.0,0.03
n_25,standard,11,100,4.291205420361194e-17,0.0,0.0,0.05
n_25,standard,12,100,1.9053082203468106e-17,0.0,0.0,0.04
n_25,standard,13,100,-2.1283296805708428e-18,0.0,0.0,0.06
n_25,standard,14,100,4.291205420361195e-17,0.0,0.0,0.02
n_25,standard,15,100,2.7535452059414956e-17,0.0,0.0,0.02
n_25,standard,16,100,1.0276969689966794e-17,0.0,0.0,0.07
n_25,standard,17,100,4.2742762526936797e-17,0.0,0.0,0.04
n_25,standard,18,100,-7.1993490444171e-18,0.0,0.0,0.01
n_25,standard,19,100,4.29120542036119e-17,0.0,0.0,0.03
n_25,standard,20,100,1.0573027529429142e-17,0.0,0.0,0.04
n_25,standard,21,100,-1.2164417350911658e-17,0.0,0.0,0.01
n_25,standard,22,100,4.291205420361188e-17,0.0,0.0,0.05
n_25,standard,23,100,1.0573027529429142e-17,0.0,0.0,0.03
n_25,standard,24,100,4.291205420361191e-17,0.0,0.0,0.04
n_25,standard,25,100,1.7555699091812108e-17,0.0,0.0,0.04
n_25,standard,26,100,1.7670821451620447e-17,0.0,0.0,0.04
n_25,standard,27,100,-2.8549142762343684e-18,0.0,0.0,0.02
n_25,standard,28,100,2.043534295531579e-17,0.0,0.0,0.09
n_25,standard,29,100,2.482534153247274e-19,0.0,0.0,0.03
n_25,standard,30,100,4.291205420361195e-17,0.0,0.0,0.03
n_25,standard,31,100,-5.958081967793464e-18,0.0,0.0,0.03
n_25,standard,32,100,4.464204028220869e-18,0.0,0.0,0.03
n_25,standard,33,100,4.274276252693684e-17,0.0,0.0,0.01
n_25,standard,34,100,-1.3436716104450874e-17,0.0,0.0,0.01
n_25,standard,35,100,2.7269357625133787e-17,0.0,0.0,0.02
n_25,standard,36,100,4.2912054203611917e-17,0.0,0.0,0.01
n_25,standard,37,100,3.888490615953349e-18,0.0,0.0,0.02
n_25,standard,38,100,7.708225995082374e-18,0.0,0.0,0.04
n_25,standard,39,100,6.75329215030012e-18,0.0,0.0,0.01
n_25,standard,40,100,1.7555699091812102e-17,0.0,0.0,0.01
n_25,standard,41,100,1.7670821451620465e-17,0.0,0.0,0.05
n_25,standard,42,100,1.3524039196077476e-17,0.0,0.0,0.0
n_25,standard,43,100,2.7269357625133787e-17,0.0,0.0,0.08
n_25,standard,44,100,1.6288560699772806e-17,0.0,0.0,0.06
n_25,standard,45,100,-9.061249659352558e-18,0.0,0.0,0.06
n_25,standard,46,100,4.29120542036119e-17,0.0,0.0,0.04
n_25,standard,47,100,4.2912054203611917e-17,0.0,0.0,0.02
n_25,standard,48,100,1.452775036425368e-17,0.0,0.0,0.06
n_25,standard,49,100,-1.3405684427535291e-17,0.0,0.0,0.03
n_25,standard,50,100,-9.061249659352561e-18,0.0,0.0,0.04
n_25,standard,51,100,-5.958081967793465e-18,0.0,0.0,0.1
n_25,standard,52,100,-9.061249659352563e-18,0.0,0.0,0.03
n_25,standard,53,100,4.464204028220869e-18,0.0,0.0,0.02
n_25,standard,54,100,-2.8549142762343672e-18,0.0,0.0,0.05
n_25,standard,55,100,-5.9580819677934665e-18,0.0,0.0,0.06
n_25,standard,56,100,4.291205420361193e-17,0.0,0.0,0.01
n_25,standard,57,100,4.2912054203611917e-17,0.0,0.0,0.04
n_25,standard,58,100,3.0110126127843893e-18,0.0,0.0,0.05
n_25,standard,59,100,-1.2164417350911661e-17,0.0,0.0,0.06
n_25,standard,60,100,-7.199349044417108e-18,0.0,0.0,0.05
n_25,standard,61,100,1.4906299947925137e-17,0.0,0.0,0.06
n_25,standard,62,100,4.464204028220869e-18,0.0,0.0,0.02
n_25,standard,63,100,5.798358305517862e-18,0.0,0.0,0.04
n_25,standard,64,100,-1.3485616335250541e-18,0.0,0.0,0.05
n_25,standard,65,100,-2.8549142762343672e-18,0.0,0.0,0.06
n_25,standard,66,100,1.978622926388836e-18,0.0,0.0,0.04
n_25,standard,67,100,4.2912054203611917e-17,0.0,0.0,0.02
n_25,standard,68,100,4.2912054203611917e-17,0.0,0.0,0.03
n_25,standard,69,100,6.612735436839191e-18,0.0,0.0,0.02
n_25,standard,70,100,8.193435838745208e-18,0.0,0.0,0.0
n_25,standard,71,100,4.27427625269368e-17,0.0,0.0,0.02
n_25,standard,72,100,4.29120542036119e-17,0.0,0.0,0.02
n_25,standard,73,100,-1.2164417350911663e-17,0.0,0.0,0.07
n_25,standard,74,100,-9.061249659352561e-18,0.0,0.0,0.06
n_25,standard,75,100,-3.8469288660437883e-17,0.0,0.0,0.04
n_25,standard,76,100,1.3524039196077477e-17,0.0,0.0,0.04
n_25,standard,77,100,4.291205420361193e-17,0.0,0.0,0.04
n_25,standard,78,100,1.0462978191142674e-19,0.0,0.0,0.01
n_25,standard,79,100,1.9053082203468112e-17,0.0,0.0,0.08
n_25,standard,80,100,5.026278575990969e-18,0.0,0.0,0.04
n_25,standard,81,100,-7.1993490444171e-18,0.0,0.0,0.02
n_25,standard,82,100,4.464204028220868e-18,0.0,0.0,0.05
n_25,standard,83,100,7.708225995082374e-18,0.0,0.0,0.02
n_25,standard,84,100,4.29120542036119e-17,0.0,0.0,0.04
n_25,standard,85,100,4.2742762526936784e-17,0.0,0.0,0.04
n_25,standard,86,100,-1.348561633525055e-18,0.0,0.0,0.06
n_25,standard,87,100,1.2980327944610623e-17,0.0,0.0,0.0
n_25,standard,88,100,-9.061249659352555e-18,0.0,0.0,0.0
n_25,standard,89,100,4.291205420361191e-17,0.0,0.0,0.03
n_25,standard,90,100,-9.061249659352556e-18,0.0,0.0,0.02
n_25,standard,91,100,-5.67879687555314e-18,0.0,0.0,0.02
n_25,standard,92,100,5.798358305517862e-18,0.0,0.0,0.02
n_25,standard,93,100,-2.1283296805708428e-18,0.0,0.0,0.09
n_25,standard,94,100,-1.2164417350911658e-17,0.0,0.0,0.03
n_25,standard,95,100,3.888490615953349e-18,0.0,0.0,0.03
n_25,standard,96,100,-9.061249659352563e-18,0.0,0.0,0.04
n_25,standard,97,100,4.2912054203611917e-17,0.0,0.0,0.04
n_25,standard,98,100,-7.1993490444171e-18,0.0,0.0,0.08
n_25,standard,99,100,4.2912054203611935e-17,0.0,0.0,0.02
n_25,standard,100,100,3.25912463107571e-17,0.0,0.0,0.0
n_75,standard,1,300,1.260982630888084e-17,0.0,0.0,0.04666666666666667
n_75,standard,2,300,6.001049840728617e-18,0.0,0.0,0.02
n_75,standard,3,300,1.753521346642065e-18,0.0,0.0,0.04
n_75,standard,4,300,-1.5148659394969393e-17,0.0,0.0,0.04666666666666667
n_75,standard,5,300,-2.0894662456497944e-18,0.0,0.0,0.03
n_75,standard,6,300,-5.427695235670407e-18,0.0,0.0,0.04666666666666667
n_75,standard,7,300,2.8154034701637027e-18,0.0,0.0,0.013333333333333334
n_75,standard,8,300,-1.3010469413867265e-18,0.0,0.0,0.03333333333333333
n_75,standard,9,300,-2.0894662456497948e-18,0.0,0.0,0.04666666666666667
n_75,standard,10,300,-8.281706518740842e-18,0.0,0.0,0.04
n_75,standard,11,300,-1.4321250239228489e-18,0.0,0.0,0.023333333333333334
n_75,standard,12,300,-3.26950743170366e-18,0.0,0.0,0.07666666666666666
n_75,standard,13,300,-2.098015405421558e-18,0.0,0.0,0.05333333333333334
n_75,standard,14,300,-4.571491850749275e-18,0.0,0.0,0.023333333333333334
n_75,standard,15,300,1.1641032031923188e-17,0.0,0.0,0.043333333333333335
n_75,standard,16,300,-9.507420126086637e-19,0.0,0.0,0.04
n_75,standard,17,300,-1.480475331425773e-17,0.0,0.0,0.03
n_75,standard,18,300,-1.853347421221152e-18,0.0,0.0,0.05
n_75,standard,19,300,2.8684975763397853e-18,0.0,0.0,0.04
n_75,standard,20,300,-1.291815142575958e-17,0.0,0.0,0.03333333333333333
n_75,standard,21,300,-1.7543368958851847e-17,0.0,0.0,0.02
n_75,standard,22,300,-3.7024290040121115e-19,0.0,0.0,0.04666666666666667
n_75,standard,23,300,9.370303578201459e-18,0.0,0.0,0.03
n_75,standard,24,300,-7.778607013508145e-18,0.0,0.0,0.03666666666666667
n_75,standard,25,300,-6.356116187545142e-18,0.0,0.0,0.02666666666666667
n_75,standard,26,300,3.8772855936853394e-18,0.0,0.0,0.03
n_75,standard,27,300,-2.606660860909644e-18,0.0,0.0,0.043333333333333335
n_75,standard,28,300,9.502589064374293e-18,0.0,0.0,0.05
n_75,standard,29,300,-3.641050091429344e-18,0.0,0.0,0.06666666666666667
n_75,standard,30,300,-1.758738057318576e-18,0.0,0.0,0.05333333333333334
n_75,standard,31,300,1.7535213466420645e-18,0.0,0.0,0.04
n_75,standard,32,300,1.1857680934762845e-17,0.0,0.0,0.05
n_75,standard,33,300,2.753811273915454e-19,0.0,0.0,0.043333333333333335
n_75,standard,34,300,-5.9033637828488114e-18,0.0,0.0,0.04666666666666667
n_75,standard,35,300,1.2793321197895109e-17,0.0,0.0,0.04666666666666667
n_75,standard,36,300,7.047048194396763e-18,0.0,0.0,0.02
n_75,standard,37,300,2.8749874953577924e-18,0.0,0.0,0.023333333333333334
n_75,standard,38,300,6.6947228744868364e-18,0.0,0.0,0.02666666666666667
n_75,standard,39,300,1.1283130928133708e-17,0.0,0.0,0.04666666666666667
n_75,standard,40,300,7.930463503427405e-18,0.0,0.0,0.04666666666666667
n_75,standard,41,300,6.917616456156403e-18,0.0,0.0,0.05
n_75,standard,42,300,3.661214660894159e-18,0.0,0.0,0.02666666666666667
n_75,standard,43,300,-2.9707321243834453e-18,0.0,0.0,0.043333333333333335
n_75,standard,44,300,-2.606660860909644e-18,0.0,0.0,0.04666666666666667
n_75,standard,45,300,9.370303578201452e-18,0.0,0.0,0.07
n_75,standard,46,300,-1.1918134037929159e-18,0.0,0.0,0.03
n_75,standard,47,300,1.3578620585838497e-17,0.0,0.0,0.02666666666666667
n_75,standard,48,300,5.918437016562563e-18,0.0,0.0,0.03333333333333333
n_75,standard,49,300,-5.798718280868138e-18,0.0,0.0,0.043333333333333335
n_75,standard,50,300,-5.7098285524687444e-18,0.0,0.0,0.03
n_75,standard,51,300,-5.7987182808681385e-18,0.0,0.0,0.043333333333333335
n_75,standard,52,300,4.789825838728349e-18,0.0,0.0,0.016666666666666666
n_75,standard,53,300,1.0187840616486699e-17,0.0,0.0,0.03
n_75,standard,54,300,-3.7024290040121096e-19,0.0,0.0,0.03333333333333333
n_75,standard,55,300,9.370303578201463e-18,0.0,0.0,0.02666666666666667
n_75,standard,56,300,-2.3088153446037382e-17,0.0,0.0,0.03666666666666667
n_75,standard,57,300,1.0463347778162722e-17,0.0,0.0,0.03666666666666667
n_75,standard,58,300,-1.5148659394969402e-17,0.0,0.0,0.03333333333333333
n_75,standard,59,300,-5.361998407967128e-18,0.0,0.0,0.01
n_75,standard,60,300,-3.702429004012111e-19,0.0,0.0,0.03666666666666667
n_75,standard,61,300,8.208683908547026e-18,0.0,0.0,0.03333333333333333
n_75,standard,62,300,9.703443478007875e-18,0.0,0.0,0.02
n_75,standard,63,300,-4.192448079051801e-18,0.0,0.0,0.04
n_75,standard,64,300,9.703443478007874e-18,0.0,0.0,0.04666666666666667
n_75,standard,65,300,-2.476817830870704e-17,0.0,0.0,0.05333333333333334
n_75,standard,66,300,-5.495719764101921e-18,0.0,0.0,0.03666666666666667
n_75,standard,67,300,4.789825838728344e-18,0.0,0.0,0.03666666666666667
n_75,standard,68,300,-4.192448079051799e-18,0.0,0.0,0.03333333333333333
n_75,standard,69,300,-2.8721177985576784e-17,0.0,0.0,0.04
n_75,standard,70,300,-1.389188143272637e-17,0.0,0.0,0.03666666666666667
n_75,standard,71,300,2.8154034701637027e-18,0.0,0.0,0.006666666666666667
n_75,standard,72,300,1.5516209139753807e-17,0.0,0.0,0.03
n_75,standard,73,300,1.2125429170402012e-17,0.0,0.0,0.03
n_75,standard,74,300,1.1389860803196723e-17,0.0,0.0,0.02666666666666667
n_75,standard,75,300,6.711659487535427e-18,0.0,0.0,0.03333333333333333
n_75,standard,76,300,-2.2791678470272144e-17,0.0,0.0,0.03333333333333333
n_75,standard,77,300,-8.192362705716024e-18,0.0,0.0,0.02
n_75,standard,78,300,6.797060647134909e-18,0.0,0.0,0.03
n_75,standard,79,300,-4.889041739192592e-18,0.0,0.0,0.043333333333333335
n_75,standard,80,300,2.53260348305995e-18,0.0,0.0,0.043333333333333335
n_75,standard,81,300,-3.7787281690933565e-18,0.0,0.0,0.05333333333333334
n_75,standard,82,300,2.5326034830599425e-18,0.0,0.0,0.04
n_75,standard,83,300,-3.022897750136473e-18,0.0,0.0,0.04
n_75,standard,84,300,-6.744217782988446e-18,0.0,0.0,0.05
n_75,standard,85,300,-2.37799283894896e-17,0.0,0.0,0.043333333333333335
n_75,standard,86,300,2.8154034701637023e-18,0.0,0.0,0.023333333333333334
n_75,standard,87,300,-1.632620645014338e-17,0.0,0.0,0.05
n_75,standard,88,300,1.4039923052257462e-18,0.0,0.0,0.03333333333333333
n_75,standard,89,300,5.642505712224221e-19,0.0,0.0,0.05
n_75,standard,90,300,-3.123855476169494e-18,0.0,0.0,0.03666666666666667
n_75,standard,91,300,1.212542917040201e-17,0.0,0.0,0.03666666666666667
n_75,standard,92,300,-3.1238554761694937e-18,0.0,0.0,0.023333333333333334
n_75,standard,93,300,2.8154034701637004e-18,0.0,0.0,0.03
n_75,standard,94,300,1.0454220540064456e-17,0.0,0.0,0.03333333333333333
n_75,standard,95,300,-4.0170155297145e-18,0.0,0.0,0.04
n_75,standard,96,300,4.789825838728356e-18,0.0,0.0,0.016666666666666666
n_75,standard,97,300,-2.3088153446037385e-17,0.0,0.0,0.03333333333333333
n_75,standard,98,300,-2.089466245649794e-18,0.0,0.0,0.05333333333333334
n_75,standard,99,300,2.874987495357793e-18,0.0,0.0,0.04
n_75,standard,100,300,4.789825838728364e-18,0.0,0.0,0.023333333333333334
n_100,standard,1,400,9.412018234943169e-18,0.0,0.0,0.0425
n_100,standard,2,400,1.294294192587223e-17,0.0,0.0,0.0275
n_100,standard,3,400,-3.7538771939570514e-18,0.0,0.0,0.04
n_100,standard,4,400,5.503862747227808e-18,0.0,0.0,0.0275
n_100,standard,5,400,1.1285484532279715e-17,0.0,0.0,0.0425
n_100,standard,6,400,-2.4853048318220904e-18,0.0,0.0,0.055
n_100,standard,7,400,-5.771891906299923e-18,0.0,0.0,0.0225
n_100,standard,8,400,6.6998158549923236e-18,0.0,0.0,0.03
n_100,standard,9,400,1.859699793442845e-17,0.0,0.0,0.02
n_100,standard,10,400,-7.916500285300807e-18,0.0,0.0,0.03
n_100,standard,11,400,-1.1396976030237205e-17,0.0,0.0,0.0525
n_100,standard,12,400,3.941552344536825e-18,0.0,0.0,0.0175
n_100,standard,13,400,-5.374844106186579e-18,0.0,0.0,0.0375
n_100,standard,14,400,-3.832412099075486e-18,0.0,0.0,0.03
n_100,standard,15,400,1.2012080239997956e-17,0.0,0.0,0.025
n_100,standard,16,400,-4.702274407514475e-18,0.0,0.0,0.03
n_100,standard,17,400,1.42661617086256e-17,0.0,0.0,0.03
n_100,standard,18,400,4.391426092952866e-18,0.0,0.0,0.0475
n_100,standard,19,400,1.570138206632057e-18,0.0,0.0,0.0525
n_100,standard,20,400,5.491821991341213e-18,0.0,0.0,0.03
n_100,standard,21,400,-7.837398563824979e-18,0.0,0.0,0.0275
n_100,standard,22,400,-9.023924385962384e-18,0.0,0.0,0.035
n_100,standard,23,400,1.4558386499745447e-17,0.0,0.0,0.025
n_100,standard,24,400,-1.3058112181229583e-17,0.0,0.0,0.0625
n_100,standard,25,400,6.444335959721421e-18,0.0,0.0,0.055
n_100,standard,26,400,-9.894043322196488e-18,0.0,0.0,0.065
n_100,standard,27,400,-4.168963959481401e-18,0.0,0.0,0.045
n_100,standard,28,400,8.153087148674252e-18,0.0,0.0,0.0375
n_100,standard,29,400,-8.232907171204111e-18,0.0,0.0,0.04
n_100,standard,30,400,-3.1341993684746893e-18,0.0,0.0,0.045
n_100,standard,31,400,-1.5050363304061624e-18,0.0,0.0,0.0475
n_100,standard,32,400,-3.86756558366975e-18,0.0,0.0,0.0475
n_100,standard,33,400,-4.494078330793657e-19,0.0,0.0,0.035
n_100,standard,34,400,9.190801886581917e-18,0.0,0.0,0.0325
n_100,standard,35,400,1.2012080239997954e-17,0.0,0.0,0.045
n_100,standard,36,400,1.8596997934428487e-17,0.0,0.0,0.02
n_100,standard,37,400,1.3595423162896593e-17,0.0,0.0,0.0325
n_100,standard,38,400,1.3819002678139597e-17,0.0,0.0,0.025
n_100,standard,39,400,1.536610878668206e-17,0.0,0.0,0.0225
n_100,standard,40,400,1.4489741223868618e-17,0.0,0.0,0.0175
n_100,standard,41,400,-5.287050431450385e-18,0.0,0.0,0.055
n_100,standard,42,400,1.1583207525709557e-17,0.0,0.0,0.04
n_100,standard,43,400,-3.407091890862724e-18,0.0,0.0,0.0275
n_100,standard,44,400,-4.930836028100078e-18,0.0,0.0,0.05
n_100,standard,45,400,3.2910301945645227e-18,0.0,0.0,0.035
n_100,standard,46,400,1.0465309949494526e-17,0.0,0.0,0.045
n_100,standard,47,400,-4.2978872528093514e-18,0.0,0.0,0.0225
n_100,standard,48,400,2.85506152779832e-18,0.0,0.0,0.05
n_100,standard,49,400,-3.522095329919578e-18,0.0,0.0,0.035
n_100,standard,50,400,-1.0210450208099791e-17,0.0,0.0,0.0225
n_100,standard,51,400,-3.909991291364465e-18,0.0,0.0,0.0325
n_100,standard,52,400,4.645363607965561e-18,0.0,0.0,0.03
n_100,standard,53,400,9.468995262984115e-18,0.0,0.0,0.035
n_100,standard,54,400,1.7789275647491894e-17,0.0,0.0,0.03
n_100,standard,55,400,-2.841843650354805e-19,0.0,0.0,0.04
n_100,standard,56,400,-2.645219822244047e-18,0.0,0.0,0.0525
n_100,standard,57,400,4.645363607965562e-18,0.0,0.0,0.025
n_100,standard,58,400,-8.86590548812095e-18,0.0,0.0,0.0275
n_100,standard,59,400,3.767095071400558e-19,0.0,0.0,0.035
n_100,standard,60,400,1.9260125894680144e-18,0.0,0.0,0.02
n_100,standard,61,400,-7.166458808248771e-19,0.0,0.0,0.0375
n_100,standard,62,400,-6.987890613370506e-18,0.0,0.0,0.0325
n_100,standard,63,400,-3.832412099075485e-18,0.0,0.0,0.0375
n_100,standard,64,400,1.0749688212373157e-18,0.0,0.0,0.0375
n_100,standard,65,400,-4.2978872528093514e-18,0.0,0.0,0.0325
n_100,standard,66,400,2.9934505122622617e-18,0.0,0.0,0.0525
n_100,standard,67,400,-2.8418436503548125e-19,0.0,0.0,0.0525
n_100,standard,68,400,-1.110301705254902e-18,0.0,0.0,0.035
n_100,standard,69,400,-3.940402338895798e-18,0.0,0.0,0.025
n_100,standard,70,400,-4.9960999834101496e-18,0.0,0.0,0.025
n_100,standard,71,400,-8.232907171204113e-18,0.0,0.0,0.0375
n_100,standard,72,400,1.0665577542323564e-17,0.0,0.0,0.05
n_100,standard,73,400,-1.134202017120611e-17,0.0,0.0,0.045
n_100,standard,74,400,7.347332316904867e-18,0.0,0.0,0.05
n_100,standard,75,400,1.491846307087092e-17,0.0,0.0,0.0375
n_100,standard,76,400,-9.498534714817351e-18,0.0,0.0,0.0325
n_100,standard,77,400,7.461152928461507e-19,0.0,0.0,0.0425
n_100,standard,78,400,4.029087091486169e-18,0.0,0.0,0.04
n_100,standard,79,400,5.862181141891199e-18,0.0,0.0,0.0625
n_100,standard,80,400,2.0614121776979165e-17,0.0,0.0,0.04
n_100,standard,81,400,1.2028268473594772e-18,0.0,0.0,0.04
n_100,standard,82,400,-8.232907171204106e-18,0.0,0.0,0.0325
n_100,standard,83,400,-4.494078330793657e-19,0.0,0.0,0.02
n_100,standard,84,400,2.843628164301187e-18,0.0,0.0,0.035
n_100,standard,85,400,9.55949580051733e-18,0.0,0.0,0.0425
n_100,standard,86,400,-6.625263021478673e-18,0.0,0.0,0.04
n_100,standard,87,400,1.1583207525709552e-17,0.0,0.0,0.0425
n_100,standard,88,400,7.416016238579044e-18,0.0,0.0,0.0325
n_100,standard,89,400,-8.628415778583248e-18,0.0,0.0,0.015
n_100,standard,90,400,1.4558386499745437e-17,0.0,0.0,0.025
n_100,standard,91,400,2.2443387724568913e-18,0.0,0.0,0.0425
n_100,standard,92,400,4.117118121970319e-18,0.0,0.0,0.04
n_100,standard,93,400,1.4558386499745447e-17,0.0,0.0,0.0425
n_100,standard,94,400,-9.573366826145276e-18,0.0,0.0,0.0225
n_100,standard,95,400,1.6746801291837618e-17,0.0,0.0,0.0275
n_100,standard,96,400,2.2173707498238926e-19,0.0,0.0,0.03
n_100,standard,97,400,-2.9964469592198205e-21,0.0,0.0,0.035
n_100,standard,98,400,1.6173831073618676e-17,0.0,0.0,0.0475
n_100,standard,99,400,4.645363607965566e-18,0.0,0.0,0.0525
n_100,standard,100,400,-1.1396976030237212e-17,0.0,0.0,0.0425
confounded_shift_0_50,confounded,1,200,0.6666666666666686,0.0,0.0,0.015
confounded_shift_0_50,confounded,2,200,0.651633337778607,0.0,0.0,0.03
confounded_shift_0_50,confounded,3,200,0.6516333377786069,0.0,0.0,0.04
confounded_shift_0_50,confounded,4,200,0.7085139602523793,0.0,0.0,0.065
confounded_shift_0_50,confounded,5,200,0.6906427786480817,0.0,0.0,0.035
confounded_shift_0_50,confounded,6,200,0.7002256808183139,0.0,0.0,0.045
confounded_shift_0_50,confounded,7,200,0.6666666666666689,0.0,0.0,0.03
confounded_shift_0_50,confounded,8,200,0.6130091962252096,0.0,0.0,0.03
confounded_shift_0_50,confounded,9,200,0.7002256808183137,0.0,0.0,0.03
confounded_shift_0_50,confounded,10,200,0.6906427786480813,0.0,0.0,0.025
confounded_shift_0_50,confounded,11,200,0.6666666666666682,0.0,0.0,0.04
confounded_shift_0_50,confounded,12,200,0.6795490178048726,0.0,0.0,0.03
confounded_shift_0_50,confounded,13,200,0.7085139602523793,0.0,0.0,0.055
confounded_shift_0_50,confounded,14,200,0.6795490178048732,0.0,0.0,0.02
confounded_shift_0_50,confounded,15,200,0.679549017804873,0.0,0.0,0.055
confounded_shift_0_50,confounded,16,200,0.7002256808183137,0.0,0.0,0.07
confounded_shift_0_50,confounded,17,200,0.6339667779924176,0.0,0.0,0.05
confounded_shift_0_50,confounded,18,200,0.6339667779924176,0.0,0.0,0.035
confounded_shift_0_50,confounded,19,200,0.6666666666666686,0.0,0.0,0.045
confounded_shift_0_50,confounded,20,200,0.5878347882014919,0.0,0.0,0.025
confounded_shift_0_50,confounded,21,200,0.6130091962252093,0.0,0.0,0.015
confounded_shift_0_50,confounded,22,200,0.6339667779924181,0.0,0.0,0.015
confounded_shift_0_50,confounded,23,200,0.6516333377786072,0.0,0.0,0.02
confounded_shift_0_50,confounded,24,200,0.6666666666666684,0.0,0.0,0.025
confounded_shift_0_50,confounded,25,200,0.5186577368103323,0.0,0.0,0.02
confounded_shift_0_50,confounded,26,200,0.6339667779924175,0.0,0.0,0.035
confounded_shift_0_50,confounded,27,200,0.6906427786480815,0.0,0.0,0.035
confounded_shift_0_50,confounded,28,200,0.7271495483038487,0.0,0.0,0.08
confounded_shift_0_50,confounded,29,200,0.6666666666666685,0.0,0.0,0.035
confounded_shift_0_50,confounded,30,200,0.6795490178048732,0.0,0.0,0.025
confounded_shift_0_50,confounded,31,200,0.6516333377786072,0.0,0.0,0.015
confounded_shift_0_50,confounded,32,200,0.7002256808183134,0.0,0.0,0.055
confounded_shift_0_50,confounded,33,200,0.6516333377786071,0.0,0.0,0.04
confounded_shift_0_50,confounded,34,200,0.7002256808183142,0.0,0.0,0.045
confounded_shift_0_50,confounded,35,200,0.7002256808183142,0.0,0.0,0.055
confounded_shift_0_50,confounded,36,200,0.6339667779924177,0.0,0.0,0.02
confounded_shift_0_50,confounded,37,200,0.6130091962252102,0.0,0.0,0.015
confounded_shift_0_50,confounded,38,200,0.61300919622521,0.0,0.0,0.015
confounded_shift_0_50,confounded,39,200,0.6516333377786069,0.0,0.0,0.035
confounded_shift_0_50,confounded,40,200,0.40134003725438994,0.0,0.0,0.02
confounded_shift_0_50,confounded,41,200,0.7218537226716129,0.0,0.0,0.045
confounded_shift_0_50,confounded,42,200,0.6795490178048726,0.0,0.0,0.025
confounded_shift_0_50,confounded,43,200,0.6516333377786075,0.0,0.0,0.06
confounded_shift_0_50,confounded,44,200,0.7002256808183143,0.0,0.0,0.05
confounded_shift_0_50,confounded,45,200,0.6516333377786073,0.0,0.0,0.035
confounded_shift_0_50,confounded,46,200,0.6130091962252091,0.0,0.0,0.065
confounded_shift_0_50,confounded,47,200,0.7002256808183137,0.0,0.0,0.03
confounded_shift_0_50,confounded,48,200,0.6130091962252104,0.0,0.0,0.02
confounded_shift_0_50,confounded,49,200,0.6666666666666685,0.0,0.0,0.045
confounded_shift_0_50,confounded,50,200,0.6516333377786072,0.0,0.0,0.05
confounded_shift_0_50,confounded,51,200,0.6516333377786072,0.0,0.0,0.045
confounded_shift_0_50,confounded,52,200,0.6339667779924177,0.0,0.0,0.035
confounded_shift_0_50,confounded,53,200,0.7085139602523787,0.0,0.0,0.05
confounded_shift_0_50,confounded,54,200,0.6516333377786074,0.0,0.0,0.04
confounded_shift_0_50,confounded,55,200,0.6666666666666681,0.0,0.0,0.02
confounded_shift_0_50,confounded,56,200,0.6516333377786071,0.0,0.0,0.025
confounded_shift_0_50,confounded,57,200,0.6339667779924176,0.0,0.0,0.025
confounded_shift_0_50,confounded,58,200,0.6906427786480809,0.0,0.0,0.03
confounded_shift_0_50,confounded,59,200,0.6666666666666687,0.0,0.0,0.015
confounded_shift_0_50,confounded,60,200,0.6906427786480825,0.0,0.0,0.06
confounded_shift_0_50,confounded,61,200,0.6906427786480815,0.0,0.0,0.035
confounded_shift_0_50,confounded,62,200,0.6906427786480814,0.0,0.0,0.03
confounded_shift_0_50,confounded,63,200,0.6339667779924173,0.0,0.0,0.035
confounded_shift_0_50,confounded,64,200,0.6906427786480825,0.0,0.0,0.015
confounded_shift_0_50,confounded,65,200,0.6666666666666686,0.0,0.0,0.085
confounded_shift_0_50,confounded,66,200,0.6795490178048724,0.0,0.0,0.05
confounded_shift_0_50,confounded,67,200,0.6130091962252093,0.0,0.0,0.035
confounded_shift_0_50,confounded,68,200,0.6130091962252093,0.0,0.0,0.035
confounded_shift_0_50,confounded,69,200,0.7002256808183142,0.0,0.0,0.03
confounded_shift_0_50,confounded,70,200,0.5570860145311558,0.0,0.0,0.035
confounded_shift_0_50,confounded,71,200,0.6666666666666682,0.0,0.0,0.035
confounded_shift_0_50,confounded,72,200,0.6516333377786069,0.0,0.0,0.085
confounded_shift_0_50,confounded,73,200,0.6906427786480825,0.0,0.0,0.075
confounded_shift_0_50,confounded,74,200,0.7085139602523792,0.0,0.0,0.085
confounded_shift_0_50,confounded,75,200,0.7218537226716144,0.0,0.0,0.015
confounded_shift_0_50,confounded,76,200,0.6795490178048728,0.0,0.0,0.055
confounded_shift_0_50,confounded,77,200,0.6339667779924176,0.0,0.0,0.02
confounded_shift_0_50,confounded,78,200,0.7002256808183139,0.0,0.0,0.07
confounded_shift_0_50,confounded,79,200,0.7218537226716139,0.0,0.0,0.075
confounded_shift_0_50,confounded,80,200,0.6339667779924171,0.0,0.0,0.025
confounded_shift_0_50,confounded,81,200,0.679549017804873,0.0,0.0,0.04
confounded_shift_0_50,confounded,82,200,0.6339667779924182,0.0,0.0,0.02
confounded_shift_0_50,confounded,83,200,0.6130091962252096,0.0,0.0,0.045
confounded_shift_0_50,confounded,84,200,0.6906427786480828,0.0,0.0,0.04
confounded_shift_0_50,confounded,85,200,0.6339667779924176,0.0,0.0,0.035
confounded_shift_0_50,confounded,86,200,0.679549017804873,0.0,0.0,0.055
confounded_shift_0_50,confounded,87,200,0.5570860145311551,0.0,0.0,0.03
confounded_shift_0_50,confounded,88,200,0.6130091962252094,0.0,0.0,0.03
confounded_shift_0_50,confounded,89,200,0.679549017804873,0.0,0.0,0.055
confounded_shift_0_50,confounded,90,200,0.690642778648082,0.0,0.0,0.05
confounded_shift_0_50,confounded,91,200,0.7085139602523801,0.0,0.0,0.055
confounded_shift_0_50,confounded,92,200,0.6906427786480828,0.0,0.0,0.035
confounded_shift_0_50,confounded,93,200,0.6795490178048728,0.0,0.0,0.055
confounded_shift_0_50,confounded,94,200,0.7085139602523793,0.0,0.0,0.045
confounded_shift_0_50,confounded,95,200,0.61300919622521,0.0,0.0,0.06
confounded_shift_0_50,confounded,96,200,0.6516333377786072,0.0,0.0,0.04
confounded_shift_0_50,confounded,97,200,0.6516333377786072,0.0,0.0,0.04
confounded_shift_0_50,confounded,98,200,0.6516333377786072,0.0,0.0,0.025
confounded_shift_0_50,confounded,99,200,0.5878347882014925,0.0,0.0,0.005
confounded_shift_0_50,confounded,100,200,0.6906427786480819,0.0,0.0,0.065
